Player Number,Player  ,Team Name,GM  ,KI  ,MK  ,HB  ,DI  ,DA  ,GL  ,,,,,,,,,,,,,,,,,,,
29,Laird  Rory,Adelaide,22,262,67,375,637,28.95,3,,,,,,,,,,,,,,,,,,,
12,Dawson  Jordan,Adelaide,23,401,114,222,623,27.09,6,,,,,,,,,,,,,,,,,,,
33,Smith  Brodie,Adelaide,22,334,109,132,466,21.18,4,,,,,,,,,,,,,,,,,,,
2,Keays  Ben,Adelaide,23,218,72,223,441,19.17,22,,,,,,,,,,,,,,,,,,,
30,Milera  Wayne,Adelaide,22,247,96,186,433,19.68,3,,,,,,,,,,,,,,,,,,,
20,Hinge  Mitch,Adelaide,22,313,104,119,432,19.64,1,,,,,,,,,,,,,,,,,,,
9,Sloane  Rory,Adelaide,22,212,69,187,399,18.14,6,,,,,,,,,,,,,,,,,,,
14,Soligo  Jake,Adelaide,21,209,74,138,347,16.52,10,,,,,,,,,,,,,,,,,,,
4,Murphy  Lachlan,Adelaide,22,190,67,139,329,14.95,12,,,,,,,,,,,,,,,,,,,
8,Rachele  Josh,Adelaide,21,204,81,117,321,15.29,23,,,,,,,,,,,,,,,,,,,
22,Rankine  Izak,Adelaide,20,197,74,121,318,15.9,36,,,,,,,,,,,,,,,,,,,
1,Jones  Chayce,Adelaide,18,216,46,98,314,17.44,7,,,,,,,,,,,,,,,,,,,
43,OBrien  Reilly,Adelaide,23,117,66,169,286,12.43,4,,,,,,,,,,,,,,,,,,,
13,Walker  Taylor,Adelaide,22,226,124,60,286,13,76,,,,,,,,,,,,,,,,,,,
38,Sholl  Lachlan,Adelaide,16,175,78,100,275,17.19,4,,,,,,,,,,,,,,,,,,,
10,Pedlar  Luke,Adelaide,21,173,72,76,249,11.86,25,,,,,,,,,,,,,,,,,,,
32,Fogarty  Darcy,Adelaide,21,157,102,80,237,11.29,34,,,,,,,,,,,,,,,,,,,
16,Michalanney  Max,Adelaide,22,159,80,78,237,10.77,,,,,,,,,,,,,,,,,,,,
7,Thilthorpe  Riley,Adelaide,21,126,74,97,223,10.62,18,,,,,,,,,,,,,,,,,,,
5,Crouch  Matt,Adelaide,7,55,18,132,187,26.71,2,,,,,,,,,,,,,,,,,,,
24,Worrell  Josh,Adelaide,12,127,47,48,175,14.58,,,,,,,,,,,,,,,,,,,,
28,Murray  Nick,Adelaide,17,114,67,52,166,9.76,,,,,,,,,,,,,,,,,,,,
39,Doedee  Tom,Adelaide,11,92,49,73,165,15,,,,,,,,,,,,,,,,,,,,
26,Schoenberg  Harry,Adelaide,11,76,29,73,149,13.55,2,,,,,,,,,,,,,,,,,,,
41,Butts  Jordon,Adelaide,17,85,56,58,143,8.41,,,,,,,,,,,,,,,,,,,,
25,McHenry  Ned,Adelaide,11,75,39,56,131,11.91,4,,,,,,,,,,,,,,,,,,,
23,McAdam  Shane,Adelaide,7,38,30,30,68,9.71,12,,,,,,,,,,,,,,,,,,,
48,Keane  Mark,Adelaide,5,46,29,21,67,13.4,,,,,,,,,,,,,,,,,,,,
27,Nankervis  Luke,Adelaide,4,36,18,18,54,13.5,,,,,,,,,,,,,,,,,,,,
37,Parnell  Patrick,Adelaide,5,37,17,16,53,10.6,,,,,,,,,,,,,,,,,,,,
3,Berry  Sam,Adelaide,4,27,6,13,40,10,,,,,,,,,,,,,,,,,,,,
44,Gollant  Lachlan,Adelaide,4,28,16,10,38,9.5,4,,,,,,,,,,,,,,,,,,,
35,Borlase  James,Adelaide,4,20,15,12,32,8,,,,,,,,,,,,,,,,,,,,
34,Himmelberg  Elliott,Adelaide,3,18,11,8,26,8.67,1,,,,,,,,,,,,,,,,,,,
15,Cook  Brayden,Adelaide,1,10,5,6,16,16,,,,,,,,,,,,,,,,,,,,
6,Hately  Jackson,Adelaide,1,,1,4,4,4,,,,,,,,,,,,,,,,,,,,
21,Brown  Tyler,Adelaide,1,,,1,1,1,,,,,,,,,,,,,,,,,,,,
9,Neale  Lachie,Brisbane Lions,26,311,109,383,694,26.69,3,,,,,,,,,,,,,,,,,,,
5,Dunkley  Josh,Brisbane Lions,24,261,120,321,582,24.25,2,,,,,,,,,,,,,,,,,,,
6,McCluggage  Hugh,Brisbane Lions,25,327,117,231,558,22.32,13,,,,,,,,,,,,,,,,,,,
7,Berry  Jarrod,Brisbane Lions,25,268,119,172,440,17.6,10,,,,,,,,,,,,,,,,,,,
26,McKenna  Conor,Brisbane Lions,26,358,95,81,439,16.88,7,,,,,,,,,,,,,,,,,,,
44,Wilmot  Darcy,Brisbane Lions,26,297,107,109,406,15.62,5,,,,,,,,,,,,,,,,,,,
33,Bailey  Zac,Brisbane Lions,24,254,76,148,402,16.75,29,,,,,,,,,,,,,,,,,,,
8,Ashcroft  Will,Brisbane Lions,18,200,61,198,398,22.11,8,,,,,,,,,,,,,,,,,,,
18,Coleman  Keidean,Brisbane Lions,23,306,120,86,392,17.04,2,,,,,,,,,,,,,,,,,,,
3,Daniher  Joe,Brisbane Lions,26,316,154,72,388,14.92,61,,,,,,,,,,,,,,,,,,,
15,Zorko  Dayne,Brisbane Lions,20,272,118,106,378,18.9,8,,,,,,,,,,,,,,,,,,,
31,Andrews  Harris,Brisbane Lions,26,281,203,88,369,14.19,1,,,,,,,,,,,,,,,,,,,
16,Rayner  Cam,Brisbane Lions,26,215,102,153,368,14.15,23,,,,,,,,,,,,,,,,,,,
46,McInerney  Oscar,Brisbane Lions,25,173,44,137,310,12.4,9,,,,,,,,,,,,,,,,,,,
37,Starcevich  Brandon,Brisbane Lions,26,233,116,72,305,11.73,1,,,,,,,,,,,,,,,,,,,
11,McCarthy  Lincoln,Brisbane Lions,24,188,62,93,281,11.71,28,,,,,,,,,,,,,,,,,,,
35,Lester  Ryan,Brisbane Lions,19,197,119,71,268,14.11,1,,,,,,,,,,,,,,,,,,,
23,Cameron  Charlie,Brisbane Lions,26,196,88,61,257,9.88,59,,,,,,,,,,,,,,,,,,,
30,Hipwood  Eric,Brisbane Lions,26,200,140,57,257,9.88,41,,,,,,,,,,,,,,,,,,,
40,Payne  Jack,Brisbane Lions,23,177,124,48,225,9.78,,,,,,,,,,,,,,,,,,,,
19,Gunston  Jack,Brisbane Lions,17,134,88,36,170,10,22,,,,,,,,,,,,,,,,,,,
28,Fletcher  Jaspa,Brisbane Lions,14,102,65,63,165,11.79,8,,,,,,,,,,,,,,,,,,,
2,Robertson  Deven,Brisbane Lions,16,71,34,73,144,9,3,,,,,,,,,,,,,,,,,,,
10,Rich  Daniel,Brisbane Lions,7,113,38,24,137,19.57,2,,,,,,,,,,,,,,,,,,,
4,Ah Chee  Callum,Brisbane Lions,12,81,42,45,126,10.5,6,,,,,,,,,,,,,,,,,,,
17,Lyons  Jarryd,Brisbane Lions,10,47,12,46,93,9.3,2,,,,,,,,,,,,,,,,,,,
32,Fort  Darcy,Brisbane Lions,7,37,12,22,59,8.43,1,,,,,,,,,,,,,,,,,,,
41,Joyce  Darragh,Brisbane Lions,5,37,25,6,43,8.6,,,,,,,,,,,,,,,,,,,,
20,Prior  Jaxon,Brisbane Lions,5,36,14,7,43,8.6,1,,,,,,,,,,,,,,,,,,,
1,Lohmann  Kai,Brisbane Lions,6,24,11,18,42,7,1,,,,,,,,,,,,,,,,,,,
22,Sharp  Harry,Brisbane Lions,3,34,13,6,40,13.33,2,,,,,,,,,,,,,,,,,,,
27,Gardiner  Darcy,Brisbane Lions,4,22,12,12,34,8.5,,,,,,,,,,,,,,,,,,,,
43,Answerth  Noah,Brisbane Lions,4,18,10,14,32,8,,,,,,,,,,,,,,,,,,,,
29,Tunstill  James,Brisbane Lions,2,5,2,7,12,6,,,,,,,,,,,,,,,,,,,,
14,Madden  James,Brisbane Lions,2,5,,2,7,3.5,,,,,,,,,,,,,,,,,,,,
9,Cripps  Patrick,Carlton,24,226,51,370,596,24.83,9,,,,,,,,,,,,,,,,,,,
15,Docherty  Sam,Carlton,23,359,138,227,586,25.48,8,,,,,,,,,,,,,,,,,,,
13,Acres  Blake,Carlton,25,319,137,257,576,23.04,10,,,,,,,,,,,,,,,,,,,
24,Newman  Nic,Carlton,24,376,183,185,561,23.38,3,,,,,,,,,,,,,,,,,,,
5,Cerra  Adam,Carlton,22,275,74,285,560,25.45,9,,,,,,,,,,,,,,,,,,,
18,Walsh  Sam,Carlton,18,222,63,292,514,28.56,6,,,,,,,,,,,,,,,,,,,
42,Saad  Adam,Carlton,25,341,111,161,502,20.08,,,,,,,,,,,,,,,,,,,,
29,Hewett  George,Carlton,22,182,49,263,445,20.23,3,,,,,,,,,,,,,,,,,,,
23,Weitering  Jacob,Carlton,26,317,208,85,402,15.46,,,,,,,,,,,,,,,,,,,,
11,McGovern  Mitch,Carlton,22,297,105,82,379,17.23,2,,,,,,,,,,,,,,,,,,,
30,Curnow  Charlie,Carlton,26,280,180,76,356,13.69,81,,,,,,,,,,,,,,,,,,,
7,Kennedy  Matthew,Carlton,16,157,58,134,291,18.19,5,,,,,,,,,,,,,,,,,,,
17,Kemp  Brodie,Carlton,17,182,113,87,269,15.82,1,,,,,,,,,,,,,,,,,,,
14,Hollands  Oliver,Carlton,19,163,58,103,266,14,2,,,,,,,,,,,,,,,,,,,
25,Fisher  Zac,Carlton,12,135,40,115,250,20.83,4,,,,,,,,,,,,,,,,,,,
10,McKay  Harry,Carlton,21,190,141,57,247,11.76,29,,,,,,,,,,,,,,,,,,,
46,Cottrell  Matthew,Carlton,17,160,72,78,238,14,11,,,,,,,,,,,,,,,,,,,
39,Cincotta  Alex,Carlton,19,113,53,121,234,12.32,3,,,,,,,,,,,,,,,,,,,
12,De Koning  Tom,Carlton,19,114,54,114,228,12,9,,,,,,,,,,,,,,,,,,,
35,Curnow  Ed,Carlton,17,141,46,84,225,13.24,3,,,,,,,,,,,,,,,,,,,
1,Silvagni  Jack,Carlton,16,129,64,88,217,13.56,14,,,,,,,,,,,,,,,,,,,
3,Motlop  Jesse,Carlton,21,123,38,86,209,9.95,24,,,,,,,,,,,,,,,,,,,
33,Young  Lewis,Carlton,15,114,77,86,200,13.33,,,,,,,,,,,,,,,,,,,,
27,Pittonet  Marc,Carlton,18,89,24,82,171,9.5,,,,,,,,,,,,,,,,,,,,
28,Cuningham  David,Carlton,12,64,26,102,166,13.83,6,,,,,,,,,,,,,,,,,,,
44,Owies  Matthew,Carlton,18,107,48,54,161,8.94,27,,,,,,,,,,,,,,,,,,,
2,Dow  Paddy,Carlton,10,96,15,63,159,15.9,2,,,,,,,,,,,,,,,,,,,
8,Fogarty  Lachie,Carlton,12,77,28,72,149,12.42,4,,,,,,,,,,,,,,,,,,,
21,Martin  Jack,Carlton,13,75,46,67,142,10.92,17,,,,,,,,,,,,,,,,,,,
37,Boyd  Jordan,Carlton,9,83,26,29,112,12.44,,,,,,,,,,,,,,,,,,,,
22,Marchbank  Caleb,Carlton,8,77,46,34,111,13.88,,,,,,,,,,,,,,,,,,,,
19,Durdin  Corey,Carlton,11,66,16,31,97,8.82,11,,,,,,,,,,,,,,,,,,,
26,Cowan  Lachlan,Carlton,7,49,20,20,69,9.86,,,,,,,,,,,,,,,,,,,,
36,Honey  Josh,Carlton,6,27,14,17,44,7.33,3,,,,,,,,,,,,,,,,,,,
4,OBrien  Lochie,Carlton,6,30,17,13,43,7.17,,,,,,,,,,,,,,,,,,,,
20,Plowman  Lachie,Carlton,1,9,5,3,12,12,,,,,,,,,,,,,,,,,,,,
16,Carroll  Jack,Carlton,1,1,,3,4,4,,,,,,,,,,,,,,,,,,,,
35,Daicos  Nick,Collingwood,22,357,71,325,682,31,19,,,,,,,,,,,,,,,,,,,
7,Daicos  Josh,Collingwood,26,362,120,288,650,25,16,,,,,,,,,,,,,,,,,,,
6,Mitchell  Tom,Collingwood,26,250,79,400,650,25,7,,,,,,,,,,,,,,,,,,,
10,Pendlebury  Scott,Collingwood,25,305,89,266,571,22.84,9,,,,,,,,,,,,,,,,,,,
25,Crisp  Jack,Collingwood,26,294,98,261,555,21.35,10,,,,,,,,,,,,,,,,,,,
2,de Goey  Jordan,Collingwood,21,257,77,245,502,23.9,18,,,,,,,,,,,,,,,,,,,
9,Noble  John,Collingwood,23,322,123,148,470,20.43,3,,,,,,,,,,,,,,,,,,,
4,Maynard  Brayden,Collingwood,25,318,125,136,454,18.16,,,,,,,,,,,,,,,,,,,,
13,Adams  Taylor,Collingwood,23,222,78,202,424,18.43,13,,,,,,,,,,,,,,,,,,,
3,Quaynor  Isaac,Collingwood,26,250,143,171,421,16.19,,,,,,,,,,,,,,,,,,,,
22,Sidebottom  Steele,Collingwood,20,257,85,160,417,20.85,4,,,,,,,,,,,,,,,,,,,
30,Moore  Darcy,Collingwood,24,253,137,121,374,15.58,,,,,,,,,,,,,,,,,,,,
32,Hoskin-Elliott  Will,Collingwood,23,199,92,87,286,12.43,10,,,,,,,,,,,,,,,,,,,
37,Markov  Oleg,Collingwood,23,151,83,128,279,12.13,1,,,,,,,,,,,,,,,,,,,
5,Elliott  Jamie,Collingwood,24,170,110,101,271,11.29,39,,,,,,,,,,,,,,,,,,,
31,McCreery  Beau,Collingwood,25,170,67,84,254,10.16,17,,,,,,,,,,,,,,,,,,,
14,Cameron  Darcy,Collingwood,19,139,65,110,249,13.11,5,,,,,,,,,,,,,,,,,,,
1,Lipinski  Patrick,Collingwood,14,114,40,135,249,17.79,5,,,,,,,,,,,,,,,,,,,
41,Mihocek  Brody,Collingwood,24,189,114,60,249,10.38,47,,,,,,,,,,,,,,,,,,,
23,Hill  Bobby,Collingwood,24,172,78,75,247,10.29,33,,,,,,,,,,,,,,,,,,,
28,Murphy  Nathan,Collingwood,24,145,86,87,232,9.67,,,,,,,,,,,,,,,,,,,,
38,Howe  Jeremy,Collingwood,14,144,84,60,204,14.57,7,,,,,,,,,,,,,,,,,,,
46,Cox  Mason,Collingwood,19,109,69,47,156,8.21,17,,,,,,,,,,,,,,,,,,,
17,Frampton  Billy,Collingwood,16,100,51,49,149,9.31,7,,,,,,,,,,,,,,,,,,,
33,Ginnivan  Jack,Collingwood,14,87,32,40,127,9.07,12,,,,,,,,,,,,,,,,,,,
40,Johnson  Ash,Collingwood,15,83,53,38,121,8.07,21,,,,,,,,,,,,,,,,,,,
11,McStay  Daniel,Collingwood,14,77,53,41,118,8.43,20,,,,,,,,,,,,,,,,,,,
36,Harrison  Harvey,Collingwood,4,13,9,18,31,7.75,3,,,,,,,,,,,,,,,,,,,
26,McInnes  Reef,Collingwood,5,11,8,7,18,3.6,3,,,,,,,,,,,,,,,,,,,
20,Kelly  Will,Collingwood,2,9,6,4,13,6.5,,,,,,,,,,,,,,,,,,,,
21,Ruscoe  Trey,Collingwood,1,9,7,2,11,11,,,,,,,,,,,,,,,,,,,,
8,Bianco  Trent,Collingwood,1,7,3,2,9,9,,,,,,,,,,,,,,,,,,,,
15,Kreuger  Nathan,Collingwood,2,2,1,5,7,3.5,,,,,,,,,,,,,,,,,,,,
18,Macrae  Finlay,Collingwood,1,,,7,7,7,,,,,,,,,,,,,,,,,,,,
24,Ryan  Jakob,Collingwood,1,3,2,2,5,5,,,,,,,,,,,,,,,,,,,,
12,Wilson  Tom,Collingwood,1,2,2,3,5,5,,,,,,,,,,,,,,,,,,,,
45,Carmichael  Josh,Collingwood,1,,,2,2,2,,,,,,,,,,,,,,,,,,,,
7,Merrett  Zach,Essendon,22,336,112,298,634,28.82,8,,,,,,,,,,,,,,,,,,,
3,Parish  Darcy,Essendon,18,271,78,284,555,30.83,3,,,,,,,,,,,,,,,,,,,
1,McGrath  Andrew,Essendon,23,289,120,235,524,22.78,,,,,,,,,,,,,,,,,,,,
37,Martin  Nic,Essendon,23,290,124,216,506,22,17,,,,,,,,,,,,,,,,,,,
27,Redman  Mason,Essendon,23,380,138,124,504,21.91,7,,,,,,,,,,,,,,,,,,,
21,Heppell  Dyson,Essendon,22,253,156,190,443,20.14,1,,,,,,,,,,,,,,,,,,,
6,Caldwell  Jye,Essendon,21,183,71,208,391,18.62,11,,,,,,,,,,,,,,,,,,,
22,Durham  Sam,Essendon,22,178,107,185,363,16.5,5,,,,,,,,,,,,,,,,,,,
8,Hobbs  Ben,Essendon,18,195,72,159,354,19.67,6,,,,,,,,,,,,,,,,,,,
16,Perkins  Archie,Essendon,23,219,95,132,351,15.26,18,,,,,,,,,,,,,,,,,,,
14,Ridley  Jordan,Essendon,17,259,126,86,345,20.29,1,,,,,,,,,,,,,,,,,,,
4,Langford  Kyle,Essendon,23,218,130,96,314,13.65,51,,,,,,,,,,,,,,,,,,,
15,Laverde  Jayden,Essendon,19,186,124,115,301,15.84,1,,,,,,,,,,,,,,,,,,,
19,Hind  Nick,Essendon,16,220,68,71,291,18.19,3,,,,,,,,,,,,,,,,,,,
30,Zerk-Thatcher  Brandon,Essendon,22,164,120,103,267,12.14,,,,,,,,,,,,,,,,,,,,
29,Kelly  Jake,Essendon,17,136,91,108,244,14.35,1,,,,,,,,,,,,,,,,,,,
25,Stringer  Jake,Essendon,17,145,45,83,228,13.41,21,,,,,,,,,,,,,,,,,,,
9,Shiel  Dylan,Essendon,12,105,32,119,224,18.67,6,,,,,,,,,,,,,,,,,,,
12,Setterfield  Will,Essendon,10,112,47,96,208,20.8,2,,,,,,,,,,,,,,,,,,,
47,Menzie  Jye,Essendon,21,100,47,82,182,8.67,23,,,,,,,,,,,,,,,,,,,
11,Snelling  Will,Essendon,15,89,44,82,171,11.4,6,,,,,,,,,,,,,,,,,,,
2,Draper  Sam,Essendon,14,101,37,53,154,11,10,,,,,,,,,,,,,,,,,,,
34,Phillips  Andrew,Essendon,20,90,46,62,152,7.6,5,,,,,,,,,,,,,,,,,,,
10,Weideman  Sam,Essendon,16,86,65,59,145,9.06,15,,,,,,,,,,,,,,,,,,,
35,Guelfi  Matt,Essendon,13,68,30,70,138,10.62,14,,,,,,,,,,,,,,,,,,,
20,Wright  Peter,Essendon,10,64,44,32,96,9.6,19,,,,,,,,,,,,,,,,,,,
42,DAmbrosio  Massimo,Essendon,8,56,24,31,87,10.88,1,,,,,,,,,,,,,,,,,,,
33,Davey  Alwyn,Essendon,10,41,20,34,75,7.5,4,,,,,,,,,,,,,,,,,,,
24,Bryan  Nick,Essendon,8,43,20,29,72,9,1,,,,,,,,,,,,,,,,,,,
13,Cox  Nik,Essendon,6,32,18,39,71,11.83,,,,,,,,,,,,,,,,,,,,
5,Tsatas  Elijah,Essendon,4,35,15,30,65,16.25,1,,,,,,,,,,,,,,,,,,,
43,McDonald-Tipungwuti  Anthony,Essendon,7,27,15,23,50,7.14,4,,,,,,,,,,,,,,,,,,,
23,Jones  Harry,Essendon,5,29,21,16,45,9,2,,,,,,,,,,,,,,,,,,,
26,Baldwin  Kaine,Essendon,4,26,19,9,35,8.75,,,,,,,,,,,,,,,,,,,,
3,Serong  Caleb,Essendon,22,337,72,338,675,30.68,4,,,,,,,,,,,,,,,,,,,
8,Brayshaw  Andrew,Essendon,23,322,87,349,671,29.17,11,,,,,,,,,,,,,,,,,,,
13,Ryan  Luke,Essendon,23,451,189,100,551,23.96,,,,,,,,,,,,,,,,,,,,
26,Young  Hayden,Essendon,22,323,105,169,492,22.36,1,,,,,,,,,,,,,,,,,,,
6,Clark  Jordan,Essendon,23,266,131,175,441,19.17,1,,,,,,,,,,,,,,,,,,,
2,OMeara  Jaeger,Essendon,21,186,55,225,411,19.57,7,,,,,,,,,,,,,,,,,,,
11,Aish  James,Essendon,20,224,80,172,396,19.8,4,,,,,,,,,,,,,,,,,,,
5,Schultz  Lachie,Essendon,23,208,100,157,365,15.87,33,,,,,,,,,,,,,,,,,,,
9,Jackson  Luke,Essendon,23,165,78,181,346,15.04,22,,,,,,,,,,,,,,,,,,,
36,Cox  Brennan,Essendon,20,210,151,128,338,16.9,2,,,,,,,,,,,,,,,,,,,
23,Henry  Liam,Essendon,16,196,79,131,327,20.44,1,,,,,,,,,,,,,,,,,,,
39,Switkowski  Sam,Essendon,22,134,58,174,308,14,16,,,,,,,,,,,,,,,,,,,
15,Hughes  Ethan,Essendon,20,157,85,110,267,13.35,2,,,,,,,,,,,,,,,,,,,
44,Johnson  Matthew,Essendon,18,131,59,125,256,14.22,4,,,,,,,,,,,,,,,,,,,
25,Pearce  Alex,Essendon,23,134,90,96,230,10,,,,,,,,,,,,,,,,,,,,
32,Frederick  Michael,Essendon,19,151,77,76,227,11.95,26,,,,,,,,,,,,,,,,,,,
4,Darcy  Sean,Essendon,15,95,51,112,207,13.8,4,,,,,,,,,,,,,,,,,,,
10,Walters  Michael,Essendon,20,127,56,72,199,9.95,33,,,,,,,,,,,,,,,,,,,
28,Erasmus  Neil,Essendon,14,94,43,81,175,12.5,1,,,,,,,,,,,,,,,,,,,
24,Amiss  Jye,Essendon,22,112,79,56,168,7.64,41,,,,,,,,,,,,,,,,,,,
41,Banfield  Bailey,Essendon,14,89,41,71,160,11.43,11,,,,,,,,,,,,,,,,,,,
34,Wagner  Corey,Essendon,9,110,41,47,157,17.44,,,,,,,,,,,,,,,,,,,,
35,Treacy  Josh,Essendon,17,86,58,68,154,9.06,15,,,,,,,,,,,,,,,,,,,
31,Walker  Brandon,Essendon,14,93,41,52,145,10.36,,,,,,,,,,,,,,,,,,,,
30,ODriscoll  Nathan,Essendon,10,92,43,43,135,13.5,1,,,,,,,,,,,,,,,,,,,
7,Fyfe  Nat,Essendon,9,52,23,73,125,13.89,3,,,,,,,,,,,,,,,,,,,
1,Sturt  Sam,Essendon,14,65,45,54,119,8.5,17,,,,,,,,,,,,,,,,,,,
17,Brodie  Will,Essendon,5,37,5,66,103,20.6,1,,,,,,,,,,,,,,,,,,,
14,Wilson  Nathan,Essendon,4,44,22,17,61,15.25,,,,,,,,,,,,,,,,,,,,
27,Chapman  Heath,Essendon,3,23,15,22,45,15,,,,,,,,,,,,,,,,,,,,
21,Hamling  Joel,Essendon,4,18,17,27,45,11.25,,,,,,,,,,,,,,,,,,,,
40,Worner  Karl,Essendon,4,23,12,21,44,11,,,,,,,,,,,,,,,,,,,,
20,Taberner  Matthew,Essendon,4,20,19,16,36,9,3,,,,,,,,,,,,,,,,,,,
19,Corbett  Josh,Essendon,5,23,20,10,33,6.6,3,,,,,,,,,,,,,,,,,,,
18,Emmett  Tom,Essendon,2,16,7,14,30,15,4,,,,,,,,,,,,,,,,,,,
46,Stanley  Ethan,Essendon,2,7,2,1,8,4,,,,,,,,,,,,,,,,,,,,
44,Stewart  Tom,Essendon,22,408,182,99,507,23.05,1,,,,,,,,,,,,,,,,,,,
7,Smith  Isaac,Essendon,22,326,139,147,473,21.5,10,,,,,,,,,,,,,,,,,,,
30,Atkins  Tom,Essendon,23,195,33,251,446,19.39,4,,,,,,,,,,,,,,,,,,,
32,Miers  Gryan,Essendon,23,259,108,179,438,19.04,7,,,,,,,,,,,,,,,,,,,
9,Holmes  Max,Essendon,21,228,69,172,400,19.05,7,,,,,,,,,,,,,,,,,,,
39,Guthrie  Zach,Essendon,23,251,128,120,371,16.13,3,,,,,,,,,,,,,,,,,,,
35,Dangerfield  Patrick,Essendon,18,213,59,156,369,20.5,11,,,,,,,,,,,,,,,,,,,
2,Tuohy  Zach,Essendon,20,248,71,115,363,18.15,6,,,,,,,,,,,,,,,,,,,
22,Duncan  Mitch,Essendon,16,224,110,135,359,22.44,5,,,,,,,,,,,,,,,,,,,
5,Cameron  Jeremy,Essendon,20,255,114,66,321,16.05,53,,,,,,,,,,,,,,,,,,,
4,Bruhn  Tanner,Essendon,19,176,56,134,310,16.32,8,,,,,,,,,,,,,,,,,,,
42,OConnor  Mark,Essendon,22,186,96,123,309,14.05,3,,,,,,,,,,,,,,,,,,,
46,Blicavs  Mark,Essendon,19,154,65,147,301,15.84,12,,,,,,,,,,,,,,,,,,,
45,Close  Brad,Essendon,21,124,53,153,277,13.19,21,,,,,,,,,,,,,,,,,,,
12,Bowes  Jack,Essendon,17,156,66,105,261,15.35,4,,,,,,,,,,,,,,,,,,,
16,De Koning  Sam,Essendon,19,129,86,105,234,12.32,,,,,,,,,,,,,,,,,,,,
36,Henry  Oliver,Essendon,22,139,82,86,225,10.23,41,,,,,,,,,,,,,,,,,,,
8,Kolodjashnij  Jake,Essendon,19,136,89,82,218,11.47,,,,,,,,,,,,,,,,,,,,
18,Stengle  Tyson,Essendon,19,146,48,71,217,11.42,27,,,,,,,,,,,,,,,,,,,
26,Hawkins  Tom,Essendon,20,146,91,68,214,10.7,49,,,,,,,,,,,,,,,,,,,
24,Bews  Jed,Essendon,15,79,36,78,157,10.47,,,,,,,,,,,,,,,,,,,,
1,Stanley  Rhys,Essendon,13,78,30,77,155,11.92,,,,,,,,,,,,,,,,,,,,
17,Ratugolea  Esava,Essendon,16,93,70,49,142,8.88,,,,,,,,,,,,,,,,,,,,
29,Guthrie  Cameron,Essendon,6,77,25,57,134,22.33,,,,,,,,,,,,,,,,,,,,
23,Rohan  Gary,Essendon,15,89,45,45,134,8.93,18,,,,,,,,,,,,,,,,,,,
38,Henry  Jack,Essendon,11,81,47,37,118,10.73,4,,,,,,,,,,,,,,,,,,,
3,Parfitt  Brandan,Essendon,9,58,6,56,114,12.67,1,,,,,,,,,,,,,,,,,,,
10,Knevitt  Mitch,Essendon,8,61,24,34,95,11.88,2,,,,,,,,,,,,,,,,,,,
15,Ceglar  Jonathon,Essendon,6,34,21,42,76,12.67,,,,,,,,,,,,,,,,,,,,
37,Simpson  Sam,Essendon,6,26,12,29,55,9.17,7,,,,,,,,,,,,,,,,,,,
34,Mullin  Oisin,Essendon,6,22,12,27,49,8.17,,,,,,,,,,,,,,,,,,,,
28,Dempsey  Oliver,Essendon,5,16,8,22,38,7.6,1,,,,,,,,,,,,,,,,,,,
27,Menegola  Sam,Essendon,1,17,6,10,27,27,,,,,,,,,,,,,,,,,,,,
33,Neale  Shannon,Essendon,3,9,12,12,21,7,1,,,,,,,,,,,,,,,,,,,
13,Clark  Jhye,Essendon,1,4,,2,6,6,,,,,,,,,,,,,,,,,,,,
6,Conway  Toby,Essendon,1,2,1,4,6,6,,,,,,,,,,,,,,,,,,,,
40,Clohesy  Ted,Essendon,1,1,1,4,5,5,,,,,,,,,,,,,,,,,,,,
11,Whyte  Cooper,Essendon,1,1,1,,1,1,,,,,,,,,,,,,,,,,,,,
15,Anderson  Noah,Gold Coast ,23,380,104,239,619,26.91,14,,,,,,,,,,,,,,,,,,,
18,Rowell  Matt,Gold Coast ,23,273,43,214,487,21.17,7,,,,,,,,,,,,,,,,,,,
44,Macpherson  Darcy,Gold Coast ,23,306,128,135,441,19.17,3,,,,,,,,,,,,,,,,,,,
24,Swallow  David,Gold Coast ,23,222,78,160,382,16.61,14,,,,,,,,,,,,,,,,,,,
9,Ainsworth  Ben,Gold Coast ,21,228,100,143,371,17.67,21,,,,,,,,,,,,,,,,,,,
27,Powell  Wil,Gold Coast ,18,275,115,90,365,20.28,,,,,,,,,,,,,,,,,,,,
2,Atkins  Rory,Gold Coast ,17,241,87,104,345,20.29,3,,,,,,,,,,,,,,,,,,,
3,Flanders  Sam,Gold Coast ,14,179,75,160,339,24.21,5,,,,,,,,,,,,,,,,,,,
11,Miller  Touk,Gold Coast ,13,191,50,133,324,24.92,4,,,,,,,,,,,,,,,,,,,
8,Fiorini  Brayden,Gold Coast ,17,204,69,98,302,17.76,4,,,,,,,,,,,,,,,,,,,
13,Lukosius  Jack,Gold Coast ,22,256,140,41,297,13.5,39,,,,,,,,,,,,,,,,,,,
10,Ballard  Charlie,Gold Coast ,23,230,142,63,293,12.74,1,,,,,,,,,,,,,,,,,,,
28,Witts  Jarrod,Gold Coast ,21,151,51,139,290,13.81,4,,,,,,,,,,,,,,,,,,,
4,Ellis  Brandon,Gold Coast ,16,195,86,93,288,18,7,,,,,,,,,,,,,,,,,,,
25,Collins  Sam,Gold Coast ,23,176,127,104,280,12.17,,,,,,,,,,,,,,,,,,,,
19,Humphrey  Bailey,Gold Coast ,19,148,32,88,236,12.42,11,,,,,,,,,,,,,,,,,,,
7,Holman  Nick,Gold Coast ,19,101,48,132,233,12.26,13,,,,,,,,,,,,,,,,,,,
30,Casboult  Levi,Gold Coast ,20,138,95,57,195,9.75,24,,,,,,,,,,,,,,,,,,,
14,Weller  Lachie,Gold Coast ,9,138,61,56,194,21.56,,,,,,,,,,,,,,,,,,,,
31,Andrew  Mac,Gold Coast ,17,148,88,39,187,11,,,,,,,,,,,,,,,,,,,,
41,Rosas  Malcolm,Gold Coast ,19,109,38,68,177,9.32,19,,,,,,,,,,,,,,,,,,,
22,Long  Ben,Gold Coast ,15,114,42,57,171,11.4,,,,,,,,,,,,,,,,,,,,
34,King  Ben,Gold Coast ,20,112,67,46,158,7.9,40,,,,,,,,,,,,,,,,,,,
5,Davies  Alex,Gold Coast ,9,60,15,69,129,14.33,1,,,,,,,,,,,,,,,,,,,
36,Hollands  Elijah,Gold Coast ,9,72,23,42,114,12.67,3,,,,,,,,,,,,,,,,,,,
23,Lemmens  Sean,Gold Coast ,11,83,38,22,105,9.55,,,,,,,,,,,,,,,,,,,,
50,Farrar  Jy,Gold Coast ,9,48,21,29,77,8.56,1,,,,,,,,,,,,,,,,,,,
47,Oea  Hewago,Gold Coast ,8,41,11,30,71,8.88,3,,,,,,,,,,,,,,,,,,,
40,Jeffrey  Joel,Gold Coast ,7,54,16,13,67,9.57,5,,,,,,,,,,,,,,,,,,,
1,Chol  Mabior,Gold Coast ,8,49,28,12,61,7.63,10,,,,,,,,,,,,,,,,,,,
33,Constable  Charlie,Gold Coast ,2,36,12,9,45,22.5,,,,,,,,,,,,,,,,,,,,
6,Sexton  Alex,Gold Coast ,8,29,14,14,43,5.38,5,,,,,,,,,,,,,,,,,,,
16,Berry  Tom,Gold Coast ,6,24,10,16,40,6.67,,,,,,,,,,,,,,,,,,,,
35,Budarick  Connor,Gold Coast ,2,29,10,6,35,17.5,,,,,,,,,,,,,,,,,,,,
32,Uwland  Bodhi,Gold Coast ,3,19,5,6,25,8.33,,,,,,,,,,,,,,,,,,,,
38,Johnston  Lloyd,Gold Coast ,2,16,4,8,24,12,,,,,,,,,,,,,,,,,,,,
12,Day  Sam,Gold Coast ,3,13,10,6,19,6.33,1,,,,,,,,,,,,,,,,,,,
21,Tsitas  James,Gold Coast ,4,10,8,9,19,4.75,3,,,,,,,,,,,,,,,,,,,
49,Moyle  Ned,Gold Coast ,2,6,,3,9,4.5,,,,,,,,,,,,,,,,,,,,
29,Burgess  Chris,Gold Coast ,1,3,1,2,5,5,,,,,,,,,,,,,,,,,,,,
3,Coniglio  Stephen,Gold Coast ,25,397,80,310,707,28.28,15,,,,,,,,,,,,,,,,,,,
12,Green  Tom,Gold Coast ,22,312,75,393,705,32.05,9,,,,,,,,,,,,,,,,,,,
6,Whitfield  Lachie,Gold Coast ,24,407,139,240,647,26.96,1,,,,,,,,,,,,,,,,,,,
7,Ash  Lachie,Gold Coast ,26,403,140,220,623,23.96,2,,,,,,,,,,,,,,,,,,,
22,Kelly  Josh,Gold Coast ,22,286,64,306,592,26.91,16,,,,,,,,,,,,,,,,,,,
8,Ward  Callan,Gold Coast ,25,243,71,248,491,19.64,11,,,,,,,,,,,,,,,,,,,
27,Himmelberg  Harry,Gold Coast ,25,291,121,165,456,18.24,12,,,,,,,,,,,,,,,,,,,
39,Idun  Connor,Gold Coast ,26,225,142,220,445,17.12,,,,,,,,,,,,,,,,,,,,
17,Callaghan  Finn,Gold Coast ,21,208,97,228,436,20.76,3,,,,,,,,,,,,,,,,,,,
4,Greene  Toby,Gold Coast ,24,289,106,137,426,17.75,66,,,,,,,,,,,,,,,,,,,
36,Perryman  Harry,Gold Coast ,22,224,66,164,388,17.64,3,,,,,,,,,,,,,,,,,,,
44,Buckley  Jack,Gold Coast ,26,198,114,143,341,13.12,,,,,,,,,,,,,,,,,,,,
16,Daniels  Brent,Gold Coast ,20,196,54,140,336,16.8,26,,,,,,,,,,,,,,,,,,,
13,Cumming  Isaac,Gold Coast ,20,231,83,103,334,16.7,6,,,,,,,,,,,,,,,,,,,
19,Haynes  Nick,Gold Coast ,20,214,125,101,315,15.75,2,,,,,,,,,,,,,,,,,,,
23,Hogan  Jesse,Gold Coast ,23,182,141,119,301,13.09,49,,,,,,,,,,,,,,,,,,,
38,Lloyd  Daniel,Gold Coast ,23,162,67,135,297,12.91,12,,,,,,,,,,,,,,,,,,,
32,Briggs  Kieren,Gold Coast ,17,165,47,97,262,15.41,4,,,,,,,,,,,,,,,,,,,
14,Bedford  Toby,Gold Coast ,19,105,44,145,250,13.16,12,,,,,,,,,,,,,,,,,,,
15,Taylor  Sam,Gold Coast ,18,118,93,120,238,13.22,,,,,,,,,,,,,,,,,,,,
46,Brown  Callum,Gold Coast ,19,118,77,83,201,10.58,19,,,,,,,,,,,,,,,,,,,
26,Riccardi  Jake,Gold Coast ,21,146,84,52,198,9.43,35,,,,,,,,,,,,,,,,,,,
33,OHalloran  Xavier,Gold Coast ,15,103,31,83,186,12.4,11,,,,,,,,,,,,,,,,,,,
9,Angwin  Ryan,Gold Coast ,15,62,31,84,146,9.73,1,,,,,,,,,,,,,,,,,,,
20,Peatling  James,Gold Coast ,10,64,26,45,109,10.9,,,,,,,,,,,,,,,,,,,,
30,Flynn  Matt,Gold Coast ,9,47,15,59,106,11.78,1,,,,,,,,,,,,,,,,,,,
25,Keeffe  Lachlan,Gold Coast ,14,43,28,46,89,6.36,1,,,,,,,,,,,,,,,,,,,
43,Hamilton  Cooper,Gold Coast ,4,27,12,30,57,14.25,1,,,,,,,,,,,,,,,,,,,
5,Cadman  Aaron,Gold Coast ,12,35,19,19,54,4.5,6,,,,,,,,,,,,,,,,,,,
34,Fahey  Josh,Gold Coast ,7,38,15,14,52,7.43,4,,,,,,,,,,,,,,,,,,,
24,Rowston  Harry,Gold Coast ,7,28,11,21,49,7,1,,,,,,,,,,,,,,,,,,,
40,Kennedy  Adam,Gold Coast ,5,22,8,14,36,7.2,,,,,,,,,,,,,,,,,,,,
10,Wehr  Jacob,Gold Coast ,4,13,7,13,26,6.5,,,,,,,,,,,,,,,,,,,,
29,Fleeton  Cameron,Gold Coast ,2,8,3,9,17,8.5,,,,,,,,,,,,,,,,,,,,
31,McMullin  Toby,Gold Coast ,3,10,3,4,14,4.67,1,,,,,,,,,,,,,,,,,,,
18,Stone  Conor,Gold Coast ,3,7,2,4,11,3.67,,,,,,,,,,,,,,,,,,,,
5,Worpel  James,Hawthorn,23,286,52,314,600,26.09,10,,,,,,,,,,,,,,,,,,,
3,Newcombe  Jai,Hawthorn,22,244,100,309,553,25.14,12,,,,,,,,,,,,,,,,,,,
11,Nash  Conor,Hawthorn,23,213,60,339,552,24,1,,,,,,,,,,,,,,,,,,,
12,Day  Will,Hawthorn,21,262,122,275,537,25.57,6,,,,,,,,,,,,,,,,,,,
6,Sicily  James,Hawthorn,19,324,189,177,501,26.37,2,,,,,,,,,,,,,,,,,,,
10,Amon  Karl,Hawthorn,21,326,113,160,486,23.14,9,,,,,,,,,,,,,,,,,,,
13,Moore  Dylan,Hawthorn,23,254,107,226,480,20.87,17,,,,,,,,,,,,,,,,,,,
15,Hardwick  Blake,Hawthorn,23,314,147,153,467,20.3,2,,,,,,,,,,,,,,,,,,,
4,Impey  Jarman,Hawthorn,22,299,120,162,461,20.95,3,,,,,,,,,,,,,,,,,,,
31,Macdonald  Connor,Hawthorn,21,209,84,154,363,17.29,12,,,,,,,,,,,,,,,,,,,
25,Ward  Josh,Hawthorn,16,181,76,151,332,20.75,2,,,,,,,,,,,,,,,,,,,
37,Weddle  Josh,Hawthorn,17,135,87,159,294,17.29,4,,,,,,,,,,,,,,,,,,,
14,Scrimshaw  Jack,Hawthorn,16,157,85,119,276,17.25,4,,,,,,,,,,,,,,,,,,,
1,Morrison  Harry,Hawthorn,13,163,69,78,241,18.54,2,,,,,,,,,,,,,,,,,,,
40,Mitchell  Seamus,Hawthorn,14,131,66,102,233,16.64,,,,,,,,,,,,,,,,,,,,
8,Frost  Sam,Hawthorn,18,116,75,114,230,12.78,,,,,,,,,,,,,,,,,,,,
22,Breust  Luke,Hawthorn,21,144,77,81,225,10.71,47,,,,,,,,,,,,,,,,,,,
20,Wingard  Chad,Hawthorn,14,116,59,82,198,14.14,9,,,,,,,,,,,,,,,,,,,
2,Lewis  Mitch,Hawthorn,15,125,85,67,192,12.8,36,,,,,,,,,,,,,,,,,,,
28,Mackenzie  Cam,Hawthorn,14,86,26,100,186,13.29,3,,,,,,,,,,,,,,,,,,,
16,Bramble  Lachlan,Hawthorn,11,120,46,62,182,16.55,1,,,,,,,,,,,,,,,,,,,
7,Reeves  Ned,Hawthorn,21,70,31,100,170,8.1,2,,,,,,,,,,,,,,,,,,,
33,Brockman  Tyler,Hawthorn,15,79,50,88,167,11.13,13,,,,,,,,,,,,,,,,,,,
17,Meek  Lloyd,Hawthorn,16,46,36,108,154,9.63,3,,,,,,,,,,,,,,,,,,,
9,Jiath  Changkuoth,Hawthorn,8,77,28,59,136,17,1,,,,,,,,,,,,,,,,,,,
32,Maginness  Finn,Hawthorn,13,65,41,69,134,10.31,1,,,,,,,,,,,,,,,,,,,
23,Koschitzke  Jacob,Hawthorn,12,56,39,47,103,8.58,9,,,,,,,,,,,,,,,,,,,
36,Blanck  James,Hawthorn,15,50,29,39,89,5.93,,,,,,,,,,,,,,,,,,,,
26,Greene  Fergus,Hawthorn,11,56,38,33,89,8.09,15,,,,,,,,,,,,,,,,,,,
30,Butler  Sam,Hawthorn,8,34,22,49,83,10.38,6,,,,,,,,,,,,,,,,,,,
24,Grainger-Barras  Denver,Hawthorn,7,25,19,14,39,5.57,4,,,,,,,,,,,,,,,,,,,
27,Long  Ned,Hawthorn,4,14,6,20,34,8.5,1,,,,,,,,,,,,,,,,,,,
44,Hustwaite  Henry,Hawthorn,2,10,5,18,28,14,2,,,,,,,,,,,,,,,,,,,
42,Macdonald  Bailey,Hawthorn,2,13,11,12,25,12.5,,,,,,,,,,,,,,,,,,,,
29,Serong  Jai,Hawthorn,2,15,8,6,21,10.5,,,,,,,,,,,,,,,,,,,,
46,Ryan  Brandon,Hawthorn,3,15,10,3,18,6,4,,,,,,,,,,,,,,,,,,,
38,Ramsden  Max,Hawthorn,2,5,5,9,14,7,,,,,,,,,,,,,,,,,,,,
18,Lynch  Max,Hawthorn,1,,,2,2,2,,,,,,,,,,,,,,,,,,,,
5,Petracca  Christian,Melbourne ,25,351,107,344,695,27.8,28,,,,,,,,,,,,,,,,,,,
7,Viney  Jack,Melbourne ,24,315,73,300,615,25.63,8,,,,,,,,,,,,,,,,,,,
10,Brayshaw  Angus,Melbourne ,24,279,93,269,548,22.83,2,,,,,,,,,,,,,,,,,,,
12,Hunter  Lachie,Melbourne ,24,308,100,230,538,22.42,6,,,,,,,,,,,,,,,,,,,
24,Rivers  Trent,Melbourne ,25,307,119,190,497,19.88,2,,,,,,,,,,,,,,,,,,,
15,Langdon  Ed,Melbourne ,25,272,93,218,490,19.6,6,,,,,,,,,,,,,,,,,,,
13,Oliver  Clayton,Melbourne ,15,224,63,230,454,30.27,6,,,,,,,,,,,,,,,,,,,
1,May  Steven,Melbourne ,23,321,125,75,396,17.22,,,,,,,,,,,,,,,,,,,,
32,Sparrow  Tom,Melbourne ,23,213,70,182,395,17.17,11,,,,,,,,,,,,,,,,,,,
30,Neal-Bullen  Alex,Melbourne ,25,228,77,159,387,15.48,19,,,,,,,,,,,,,,,,,,,
11,Gawn  Max,Melbourne ,22,228,102,144,372,16.91,10,,,,,,,,,,,,,,,,,,,
17,Bowey  Jake,Melbourne ,23,259,85,112,371,16.13,4,,,,,,,,,,,,,,,,,,,
8,Lever  Jake,Melbourne ,24,194,129,145,339,14.13,,,,,,,,,,,,,,,,,,,,
41,McVee  Judd,Melbourne ,25,192,69,128,320,12.8,,,,,,,,,,,,,,,,,,,,
3,Salem  Christian,Melbourne ,16,200,63,106,306,19.13,,,,,,,,,,,,,,,,,,,,
37,Chandler  Kade,Melbourne ,23,152,83,122,274,11.91,24,,,,,,,,,,,,,,,,,,,
36,Pickett  Kysaiah,Melbourne ,23,193,58,72,265,11.52,37,,,,,,,,,,,,,,,,,,,
6,Grundy  Brodie,Melbourne ,17,100,46,143,243,14.29,10,,,,,,,,,,,,,,,,,,,
23,Jordon  James,Melbourne ,18,113,46,122,235,13.06,4,,,,,,,,,,,,,,,,,,,
31,Fritsch  Bayley,Melbourne ,17,139,71,52,191,11.24,38,,,,,,,,,,,,,,,,,,,
2,van Rooyen  Jacob,Melbourne ,20,90,62,84,174,8.7,28,,,,,,,,,,,,,,,,,,,
35,Petty  Harry,Melbourne ,14,78,64,64,142,10.14,12,,,,,,,,,,,,,,,,,,,
9,Spargo  Charlie,Melbourne ,14,92,45,48,140,10,11,,,,,,,,,,,,,,,,,,,
14,Hibberd  Michael,Melbourne ,12,83,36,50,133,11.08,,,,,,,,,,,,,,,,,,,,
20,Tomlinson  Adam,Melbourne ,9,91,39,30,121,13.44,,,,,,,,,,,,,,,,,,,,
4,Harmes  James,Melbourne ,9,50,13,61,111,12.33,1,,,,,,,,,,,,,,,,,,,
18,Melksham  Jake,Melbourne ,13,84,50,19,103,7.92,20,,,,,,,,,,,,,,,,,,,
29,Smith  Joel,Melbourne ,14,59,37,28,87,6.21,11,,,,,,,,,,,,,,,,,,,
25,McDonald  Tom,Melbourne ,8,43,24,29,72,9,9,,,,,,,,,,,,,,,,,,,
50,Brown  Ben,Melbourne ,7,44,26,22,66,9.43,11,,,,,,,,,,,,,,,,,,,
40,Woewodin  Taj,Melbourne ,4,18,8,19,37,9.25,2,,,,,,,,,,,,,,,,,,,
16,Laurie  Bailey,Melbourne ,5,14,3,22,36,7.2,,,,,,,,,,,,,,,,,,,,
42,Turner  Daniel,Melbourne ,2,17,7,3,20,10,,,,,,,,,,,,,,,,,,,,
19,Schache  Josh,Melbourne ,3,7,5,3,10,3.33,1,,,,,,,,,,,,,,,,,,,
3,Sheezel  Harry,North Melbourne,23,357,125,265,622,27.04,3,,,,,,,,,,,,,,,,,,,
8,Scott  Bailey,North Melbourne,23,330,120,179,509,22.13,5,,,,,,,,,,,,,,,,,,,
7,Ziebell  Jack,North Melbourne,22,389,149,99,488,22.18,1,,,,,,,,,,,,,,,,,,,
9,Davies-Uniacke  Luke,North Melbourne,14,175,52,208,383,27.36,8,,,,,,,,,,,,,,,,,,,
11,McDonald  Luke,North Melbourne,22,249,119,134,383,17.41,1,,,,,,,,,,,,,,,,,,,
12,Simpkin  Jy,North Melbourne,18,194,48,178,372,20.67,9,,,,,,,,,,,,,,,,,,,
29,Phillips  Will,North Melbourne,16,113,28,188,301,18.81,3,,,,,,,,,,,,,,,,,,,
13,Tucker  Darcy,North Melbourne,18,165,76,128,293,16.28,6,,,,,,,,,,,,,,,,,,,
4,Corr  Aidan,North Melbourne,19,206,93,81,287,15.11,1,,,,,,,,,,,,,,,,,,,
14,Shiels  Liam,North Melbourne,16,139,66,144,283,17.69,3,,,,,,,,,,,,,,,,,,,
22,Goldstein  Todd,North Melbourne,20,99,45,161,260,13,4,,,,,,,,,,,,,,,,,,,
44,Zurhaar  Cameron,North Melbourne,16,159,39,99,258,16.13,20,,,,,,,,,,,,,,,,,,,
26,Thomas  Tarryn,North Melbourne,12,125,31,110,235,19.58,11,,,,,,,,,,,,,,,,,,,
23,McKay  Ben,North Melbourne,19,146,113,86,232,12.21,,,,,,,,,,,,,,,,,,,,
24,Powell  Tom,North Melbourne,14,94,39,136,230,16.43,7,,,,,,,,,,,,,,,,,,,
2,Stephenson  Jaidyn,North Melbourne,21,146,75,80,226,10.76,26,,,,,,,,,,,,,,,,,,,
5,Taylor  Curtis,North Melbourne,16,148,76,73,221,13.81,9,,,,,,,,,,,,,,,,,,,
20,Larkey  Nick,North Melbourne,23,152,97,64,216,9.39,71,,,,,,,,,,,,,,,,,,,
18,Greenwood  Hugh,North Melbourne,14,66,29,135,201,14.36,3,,,,,,,,,,,,,,,,,,,
25,Curtis  Paul,North Melbourne,21,124,54,75,199,9.48,17,,,,,,,,,,,,,,,,,,,
40,Ford  Eddie,North Melbourne,14,92,66,103,195,13.93,12,,,,,,,,,,,,,,,,,,,
19,Logue  Griffin,North Melbourne,15,105,76,82,187,12.47,1,,,,,,,,,,,,,,,,,,,
10,Cunnington  Ben,North Melbourne,9,62,20,116,178,19.78,3,,,,,,,,,,,,,,,,,,,
15,Howe  Daniel,North Melbourne,11,107,40,53,160,14.55,2,,,,,,,,,,,,,,,,,,,
31,Goater  Josh,North Melbourne,10,79,46,61,140,14,,,,,,,,,,,,,,,,,,,,
43,Hall  Aaron,North Melbourne,6,103,35,37,140,23.33,,,,,,,,,,,,,,,,,,,,
27,Bergman  Miller,North Melbourne,12,86,42,51,137,11.42,,,,,,,,,,,,,,,,,,,,
6,Wardlaw  George,North Melbourne,8,58,18,59,117,14.63,1,,,,,,,,,,,,,,,,,,,
28,Turner  Kayne,North Melbourne,12,60,36,55,115,9.58,2,,,,,,,,,,,,,,,,,,,
38,Xerri  Tristan,North Melbourne,9,30,9,73,103,11.44,3,,,,,,,,,,,,,,,,,,,
21,Coleman-Jones  Callum,North Melbourne,9,41,27,41,82,9.11,4,,,,,,,,,,,,,,,,,,,
30,Comben  Charlie,North Melbourne,7,28,17,27,55,7.86,4,,,,,,,,,,,,,,,,,,,
35,Lazzaro  Charlie,North Melbourne,6,15,6,38,53,8.83,,,,,,,,,,,,,,,,,,,,
39,Perez  Flynn,North Melbourne,5,32,17,21,53,10.6,1,,,,,,,,,,,,,,,,,,,
17,Young  Lachie,North Melbourne,4,26,16,26,52,13,,,,,,,,,,,,,,,,,,,,
34,Archer  Jackson,North Melbourne,5,24,12,18,42,8.4,,,,,,,,,,,,,,,,,,,,
36,Spicer  Phoenix,North Melbourne,6,18,6,21,39,6.5,1,,,,,,,,,,,,,,,,,,,
41,Drury  Blake,North Melbourne,4,14,5,15,29,7.25,,,,,,,,,,,,,,,,,,,,
37,Harvey  Cooper,North Melbourne,3,17,11,11,28,9.33,1,,,,,,,,,,,,,,,,,,,
1,Mahony  Jack,North Melbourne,2,12,8,13,25,12.5,,,,,,,,,,,,,,,,,,,,
16,Bonar  Aiden,North Melbourne,2,7,7,17,24,12,,,,,,,,,,,,,,,,,,,,
42,Dawson  Kallan,North Melbourne,1,6,3,3,9,9,,,,,,,,,,,,,,,,,,,,
46,Hansen  Robert,North Melbourne,2,4,1,4,8,4,,,,,,,,,,,,,,,,,,,,
9,Butters  Zak,Port Adelaide,25,361,126,326,687,27.48,13,,,,,,,,,,,,,,,,,,,
20,Rozee  Connor,Port Adelaide,25,390,117,254,644,25.76,21,,,,,,,,,,,,,,,,,,,
5,Houston  Dan,Port Adelaide,25,389,143,195,584,23.36,9,,,,,,,,,,,,,,,,,,,
16,Wines  Ollie,Port Adelaide,25,201,84,342,543,21.72,6,,,,,,,,,,,,,,,,,,,
28,Drew  Willem,Port Adelaide,25,203,62,231,434,17.36,5,,,,,,,,,,,,,,,,,,,
18,Horne-Francis  Jason,Port Adelaide,24,268,78,154,422,17.58,16,,,,,,,,,,,,,,,,,,,
6,Farrell  Kane,Port Adelaide,22,281,82,79,360,16.36,2,,,,,,,,,,,,,,,,,,,
2,Powell-Pepper  Sam,Port Adelaide,25,202,64,141,343,13.72,31,,,,,,,,,,,,,,,,,,,
3,Burton  Ryan,Port Adelaide,22,278,80,58,336,15.27,8,,,,,,,,,,,,,,,,,,,
10,Boak  Travis,Port Adelaide,21,173,60,162,335,15.95,7,,,,,,,,,,,,,,,,,,,
14,Bergman  Miles,Port Adelaide,24,225,115,106,331,13.79,3,,,,,,,,,,,,,,,,,,,
23,Williams  Dylan,Port Adelaide,21,247,101,65,312,14.86,,,,,,,,,,,,,,,,,,,,
33,Byrne-Jones  Darcy,Port Adelaide,23,192,68,100,292,12.7,18,,,,,,,,,,,,,,,,,,,
21,Aliir  Aliir,Port Adelaide,24,202,121,81,283,11.79,,,,,,,,,,,,,,,,,,,,
11,Finlayson  Jeremy,Port Adelaide,22,207,102,72,279,12.68,38,,,,,,,,,,,,,,,,,,,
7,Duursma  Xavier,Port Adelaide,16,146,67,99,245,15.31,6,,,,,,,,,,,,,,,,,,,
41,McEntee  Jed,Port Adelaide,22,99,48,108,207,9.41,14,,,,,,,,,,,,,,,,,,,
15,Rioli  Willie,Port Adelaide,19,136,52,69,205,10.79,31,,,,,,,,,,,,,,,,,,,
4,Marshall  Todd,Port Adelaide,21,155,103,41,196,9.33,36,,,,,,,,,,,,,,,,,,,
12,McKenzie  Trent,Port Adelaide,19,147,74,28,175,9.21,,,,,,,,,,,,,,,,,,,,
22,Dixon  Charlie,Port Adelaide,14,105,67,67,172,12.29,23,,,,,,,,,,,,,,,,,,,
34,Jones  Lachie,Port Adelaide,15,94,45,66,160,10.67,4,,,,,,,,,,,,,,,,,,,
29,Lycett  Scott,Port Adelaide,14,49,14,100,149,10.64,,,,,,,,,,,,,,,,,,,,
26,Bonner  Riley,Port Adelaide,11,100,37,42,142,12.91,2,,,,,,,,,,,,,,,,,,,
1,Jonas  Tom,Port Adelaide,13,63,44,36,99,7.62,1,,,,,,,,,,,,,,,,,,,
30,Lord  Ollie,Port Adelaide,13,47,31,48,95,7.31,15,,,,,,,,,,,,,,,,,,,
31,Evans  Francis,Port Adelaide,10,51,20,24,75,7.5,10,,,,,,,,,,,,,,,,,,,
44,Mead  Jackson,Port Adelaide,7,32,12,20,52,7.43,2,,,,,,,,,,,,,,,,,,,
36,Burgoyne  Jase,Port Adelaide,5,27,13,17,44,8.8,,,,,,,,,,,,,,,,,,,,
27,Teakle  Brynn,Port Adelaide,4,16,5,25,41,10.25,1,,,,,,,,,,,,,,,,,,,
25,Hayes  Sam,Port Adelaide,4,13,6,22,35,8.75,,,,,,,,,,,,,,,,,,,,
47,Narkle  Quinton,Port Adelaide,3,18,7,14,32,10.67,4,,,,,,,,,,,,,,,,,,,
19,Georgiades  Mitch,Port Adelaide,2,18,12,9,27,13.5,2,,,,,,,,,,,,,,,,,,,
13,Fantasia  Orazio,Port Adelaide,3,13,5,10,23,7.67,2,,,,,,,,,,,,,,,,,,,
38,Visentini  Dante,Port Adelaide,3,10,2,12,22,7.33,,,,,,,,,,,,,,,,,,,,
8,Sinn  Josh,Port Adelaide,3,10,5,6,16,5.33,,,,,,,,,,,,,,,,,,,,
17,Clurey  Tom,Port Adelaide,1,2,1,1,3,3,,,,,,,,,,,,,,,,,,,,
14,Taranto  Tim,Richmond ,23,337,79,325,662,28.78,19,,,,,,,,,,,,,,,,,,,
29,Bolton  Shai,Richmond ,23,315,79,185,500,21.74,31,,,,,,,,,,,,,,,,,,,
17,Rioli  Daniel,Richmond ,23,272,97,204,476,20.7,4,,,,,,,,,,,,,,,,,,,
4,Martin  Dustin,Richmond ,20,280,94,192,472,23.6,25,,,,,,,,,,,,,,,,,,,
3,Prestia  Dion,Richmond ,20,211,63,228,439,21.95,8,,,,,,,,,,,,,,,,,,,
7,Baker  Liam,Richmond ,23,258,85,180,438,19.04,12,,,,,,,,,,,,,,,,,,,
1,Vlastuin  Nick,Richmond ,21,283,144,111,394,18.76,2,,,,,,,,,,,,,,,,,,,
15,Short  Jayden,Richmond ,16,279,100,77,356,22.25,7,,,,,,,,,,,,,,,,,,,
5,Ross  Jack,Richmond ,19,185,100,161,346,18.21,8,,,,,,,,,,,,,,,,,,,
22,Hopper  Jacob,Richmond ,16,162,55,180,342,21.38,7,,,,,,,,,,,,,,,,,,,
21,Balta  Noah,Richmond ,23,271,147,68,339,14.74,3,,,,,,,,,,,,,,,,,,,
33,McIntosh  Kamdyn,Richmond ,22,223,93,94,317,14.41,6,,,,,,,,,,,,,,,,,,,
9,Cotchin  Trent,Richmond ,19,161,53,150,311,16.37,7,,,,,,,,,,,,,,,,,,,
35,Broad  Nathan,Richmond ,19,192,101,113,305,16.05,2,,,,,,,,,,,,,,,,,,,
34,Graham  Jack,Richmond ,20,147,45,156,303,15.15,9,,,,,,,,,,,,,,,,,,,
50,Pickett  Marlion,Richmond ,21,130,54,142,272,12.95,8,,,,,,,,,,,,,,,,,,,
25,Nankervis  Toby,Richmond ,15,130,37,121,251,16.73,3,,,,,,,,,,,,,,,,,,,
2,Grimes  Dylan,Richmond ,22,121,52,77,198,9,,,,,,,,,,,,,,,,,,,,
8,Riewoldt  Jack,Richmond ,21,139,94,49,188,8.95,32,,,,,,,,,,,,,,,,,,,
45,Young  Tylar,Richmond ,19,129,55,48,177,9.32,,,,,,,,,,,,,,,,,,,,
13,Ralphsmith  Hugo,Richmond ,13,77,43,66,143,11,1,,,,,,,,,,,,,,,,,,,
31,Mansell  Rhyan,Richmond ,17,94,40,38,132,7.76,10,,,,,,,,,,,,,,,,,,,
42,Clarke  Judson,Richmond ,13,68,26,47,115,8.85,11,,,,,,,,,,,,,,,,,,,
32,Ryan  Samson,Richmond ,14,66,40,33,99,7.07,12,,,,,,,,,,,,,,,,,,,
46,Miller  Ben,Richmond ,13,49,31,46,95,7.31,6,,,,,,,,,,,,,,,,,,,
41,Banks  Sam,Richmond ,6,55,17,27,82,13.67,1,,,,,,,,,,,,,,,,,,,
20,Soldo  Ivan,Richmond ,8,47,31,31,78,9.75,7,,,,,,,,,,,,,,,,,,,
38,Cumberland  Noah,Richmond ,9,49,23,23,72,8,8,,,,,,,,,,,,,,,,,,,
27,Dow  Thomson,Richmond ,4,27,10,43,70,17.5,,,,,,,,,,,,,,,,,,,,
10,Rioli  Maurice,Richmond ,10,40,14,22,62,6.2,2,,,,,,,,,,,,,,,,,,,
19,Lynch  Tom,Richmond ,4,26,18,8,34,8.5,9,,,,,,,,,,,,,,,,,,,
40,Sonsie  Tyler,Richmond ,3,16,4,18,34,11.33,,,,,,,,,,,,,,,,,,,,
26,Coulthard  Matthew,Richmond ,4,18,7,11,29,7.25,1,,,,,,,,,,,,,,,,,,,
43,Bauer  Jacob,Richmond ,4,14,8,4,18,4.5,4,,,,,,,,,,,,,,,,,,,
36,Trezise  James,Richmond ,1,13,3,4,17,17,,,,,,,,,,,,,,,,,,,,
30,Brown  Tom,Richmond ,1,12,6,4,16,16,,,,,,,,,,,,,,,,,,,,
35,Sinclair  Jack,St Kilda,24,470,119,223,693,28.88,6,,,,,,,,,,,,,,,,,,,
5,Crouch  Brad,St Kilda,24,292,90,359,651,27.13,8,,,,,,,,,,,,,,,,,,,
7,Wanganeen-Milera  Nasiah,St Kilda,24,419,150,144,563,23.46,4,,,,,,,,,,,,,,,,,,,
32,Wood  Mason,St Kilda,24,332,161,180,512,21.33,15,,,,,,,,,,,,,,,,,,,
9,Steele  Jack,St Kilda,21,227,86,272,499,23.76,4,,,,,,,,,,,,,,,,,,,
19,Marshall  Rowan,St Kilda,24,314,126,179,493,20.54,8,,,,,,,,,,,,,,,,,,,
44,Wilkie  Callum,St Kilda,24,329,207,145,474,19.75,,,,,,,,,,,,,,,,,,,,
8,Hill  Bradley,St Kilda,22,271,103,184,455,20.68,6,,,,,,,,,,,,,,,,,,,
4,Gresham  Jade,St Kilda,23,229,87,175,404,17.57,21,,,,,,,,,,,,,,,,,,,
14,Stocker  Liam,St Kilda,23,239,145,153,392,17.04,,,,,,,,,,,,,,,,,,,,
11,Clark  Hunter,St Kilda,19,185,54,161,346,18.21,4,,,,,,,,,,,,,,,,,,,
10,Owens  Mitch,St Kilda,23,187,83,159,346,15.04,26,,,,,,,,,,,,,,,,,,,
13,Byrnes  Ryan,St Kilda,20,184,68,151,335,16.75,5,,,,,,,,,,,,,,,,,,,
26,Battle  Josh,St Kilda,23,216,146,112,328,14.26,1,,,,,,,,,,,,,,,,,,,
6,Ross  Sebastian,St Kilda,17,190,42,137,327,19.24,1,,,,,,,,,,,,,,,,,,,
25,Phillipou  Mattaes,St Kilda,24,124,69,180,304,12.67,13,,,,,,,,,,,,,,,,,,,
17,Windhager  Marcus,St Kilda,19,156,74,148,304,16,2,,,,,,,,,,,,,,,,,,,
22,Higgins  Jack,St Kilda,22,163,82,130,293,13.32,36,,,,,,,,,,,,,,,,,,,
16,Butler  Dan,St Kilda,24,176,49,83,259,10.79,33,,,,,,,,,,,,,,,,,,,
29,Webster  Jimmy,St Kilda,17,159,94,99,258,15.18,,,,,,,,,,,,,,,,,,,,
20,Howard  Dougal,St Kilda,18,150,99,81,231,12.83,,,,,,,,,,,,,,,,,,,,
33,Paton  Ben,St Kilda,12,92,53,70,162,13.5,,,,,,,,,,,,,,,,,,,,
47,Caminiti  Anthony,St Kilda,18,78,60,74,152,8.44,19,,,,,,,,,,,,,,,,,,,
43,Sharman  Cooper,St Kilda,16,97,57,49,146,9.13,15,,,,,,,,,,,,,,,,,,,
12,King  Max,St Kilda,11,73,48,30,103,9.36,28,,,,,,,,,,,,,,,,,,,
21,Cordy  Zaine,St Kilda,14,59,43,43,102,7.29,7,,,,,,,,,,,,,,,,,,,
28,Membrey  Tim,St Kilda,7,53,36,24,77,11,6,,,,,,,,,,,,,,,,,,,
3,Jones  Zak,St Kilda,4,26,9,34,60,15,,,,,,,,,,,,,,,,,,,,
23,Bytel  Jack,St Kilda,6,25,15,23,48,8,1,,,,,,,,,,,,,,,,,,,
15,Billings  Jack,St Kilda,3,22,13,23,45,15,1,,,,,,,,,,,,,,,,,,,
45,Peris  Jack,St Kilda,1,5,3,8,13,13,,,,,,,,,,,,,,,,,,,,
18,Hayes  Jack,St Kilda,1,2,4,6,8,8,1,,,,,,,,,,,,,,,,,,,
21,Gulden  Errol,Sydney ,24,464,126,179,643,26.79,22,,,,,,,,,,,,,,,,,,,
26,Parker  Luke,Sydney ,23,269,86,274,543,23.61,9,,,,,,,,,,,,,,,,,,,
44,Lloyd  Jake,Sydney ,23,372,138,163,535,23.26,3,,,,,,,,,,,,,,,,,,,
1,Warner  Chad,Sydney ,21,309,65,209,518,24.67,15,,,,,,,,,,,,,,,,,,,
22,Blakey  Nick,Sydney ,24,318,98,175,493,20.54,2,,,,,,,,,,,,,,,,,,,
13,Florent  Oliver,Sydney ,24,272,95,205,477,19.88,5,,,,,,,,,,,,,,,,,,,
8,Rowbottom  James,Sydney ,24,238,27,192,430,17.92,6,,,,,,,,,,,,,,,,,,,
14,Mills  Callum,Sydney ,20,207,95,196,403,20.15,7,,,,,,,,,,,,,,,,,,,
16,Campbell  Braeden,Sydney ,23,238,99,123,361,15.7,8,,,,,,,,,,,,,,,,,,,
5,Heeney  Isaac,Sydney ,23,214,110,143,357,15.52,30,,,,,,,,,,,,,,,,,,,
11,Papley  Tom,Sydney ,23,254,74,90,344,14.96,37,,,,,,,,,,,,,,,,,,,
27,McInerney  Justin,Sydney ,19,183,87,142,325,17.11,13,,,,,,,,,,,,,,,,,,,
7,Cunningham  Harry,Sydney ,24,171,85,148,319,13.29,3,,,,,,,,,,,,,,,,,,,
42,Fox  Robbie,Sydney ,20,152,61,151,303,15.15,2,,,,,,,,,,,,,,,,,,,
2,McLean  Hayden,Sydney ,22,150,97,121,271,12.32,21,,,,,,,,,,,,,,,,,,,
9,Hayward  Will,Sydney ,23,177,99,92,269,11.7,25,,,,,,,,,,,,,,,,,,,
24,Rampe  Dane,Sydney ,15,140,62,93,233,15.53,,,,,,,,,,,,,,,,,,,,
6,McDonald  Logan,Sydney ,20,131,84,63,194,9.7,32,,,,,,,,,,,,,,,,,,,
30,McCartin  Tom,Sydney ,15,89,60,100,189,12.6,,,,,,,,,,,,,,,,,,,,
3,Stephens  Dylan,Sydney ,13,113,37,63,176,13.54,3,,,,,,,,,,,,,,,,,,,
31,Hickey  Tom,Sydney ,12,62,26,84,146,12.17,,,,,,,,,,,,,,,,,,,,
10,Francis  Aaron,Sydney ,15,88,61,53,141,9.4,1,,,,,,,,,,,,,,,,,,,
19,Ladhams  Peter,Sydney ,9,75,29,62,137,15.22,4,,,,,,,,,,,,,,,,,,,
4,Clarke  Ryan,Sydney ,16,51,24,72,123,7.69,5,,,,,,,,,,,,,,,,,,,
23,Franklin  Lance,Sydney ,13,84,53,38,122,9.38,19,,,,,,,,,,,,,,,,,,,
36,Amartey  Joel,Sydney ,15,78,58,39,117,7.8,20,,,,,,,,,,,,,,,,,,,
15,Wicks  Sam,Sydney ,11,65,19,52,117,10.64,10,,,,,,,,,,,,,,,,,,,
29,Sheldrick  Angus,Sydney ,7,49,19,58,107,15.29,3,,,,,,,,,,,,,,,,,,,
43,Melican  Lewis,Sydney ,8,47,19,33,80,10,,,,,,,,,,,,,,,,,,,,
34,Roberts  Matt,Sydney ,6,28,12,13,41,6.83,1,,,,,,,,,,,,,,,,,,,
39,McCartin  Paddy,Sydney ,4,30,15,9,39,9.75,,,,,,,,,,,,,,,,,,,,
17,Gould  Will,Sydney ,4,17,9,9,26,6.5,,,,,,,,,,,,,,,,,,,,
46,McAndrew  Lachlan,Sydney ,2,4,2,8,12,6,,,,,,,,,,,,,,,,,,,,
37,Warner  Corey,Sydney ,3,6,3,6,12,4,1,,,,,,,,,,,,,,,,,,,
33,Sheather  Marc,Sydney ,3,5,2,6,11,3.67,1,,,,,,,,,,,,,,,,,,,
47,Buller  Jack,Sydney ,1,1,2,1,2,2,,,,,,,,,,,,,,,,,,,,
11,Kelly  Tim,West Coast,22,288,75,333,621,28.23,10,,,,,,,,,,,,,,,,,,,
14,Duggan  Liam,West Coast,22,365,167,159,524,23.82,1,,,,,,,,,,,,,,,,,,,
3,Gaff  Andrew,West Coast,23,210,90,250,460,20,3,,,,,,,,,,,,,,,,,,,
23,Witherden  Alex,West Coast,22,304,117,140,444,20.18,1,,,,,,,,,,,,,,,,,,,
5,Hunt  Jayden,West Coast,23,283,125,147,430,18.7,7,,,,,,,,,,,,,,,,,,,
4,Sheed  Dom,West Coast,15,184,84,182,366,24.4,5,,,,,,,,,,,,,,,,,,,
32,Williams  Bailey,West Coast,23,130,44,165,295,12.83,5,,,,,,,,,,,,,,,,,,,
25,Hurn  Shannon,West Coast,13,202,70,70,272,20.92,,,,,,,,,,,,,,,,,,,,
12,Allen  Oscar,West Coast,23,170,113,68,238,10.35,53,,,,,,,,,,,,,,,,,,,
7,Ginbey  Reuben,West Coast,17,86,25,147,233,13.71,1,,,,,,,,,,,,,,,,,,,
19,Hough  Brady,West Coast,15,138,85,88,226,15.07,,,,,,,,,,,,,,,,,,,,
31,Jones  Jamaine,West Coast,13,142,47,84,226,17.38,4,,,,,,,,,,,,,,,,,,,
21,Petruccelle  Jack,West Coast,18,114,46,108,222,12.33,10,,,,,,,,,,,,,,,,,,,
44,Long  Noah,West Coast,19,99,46,111,210,11.05,7,,,,,,,,,,,,,,,,,,,
27,Darling  Jack,West Coast,20,129,80,75,204,10.2,26,,,,,,,,,,,,,,,,,,,
13,Shuey  Luke,West Coast,10,105,20,93,198,19.8,2,,,,,,,,,,,,,,,,,,,
28,Cole  Tom,West Coast,12,108,67,86,194,16.17,1,,,,,,,,,,,,,,,,,,,
8,Hewett  Elijah,West Coast,14,88,28,100,188,13.43,4,,,,,,,,,,,,,,,,,,,
24,ONeill  Xavier,West Coast,15,100,37,82,182,12.13,4,,,,,,,,,,,,,,,,,,,
37,Barrass  Tom,West Coast,14,115,93,66,181,12.93,,,,,,,,,,,,,,,,,,,,
10,Petrevski-Seton  Sam,West Coast,13,94,35,83,177,13.62,3,,,,,,,,,,,,,,,,,,,
6,Yeo  Elliot,West Coast,10,115,34,59,174,17.4,1,,,,,,,,,,,,,,,,,,,
18,Chesser  Campbell,West Coast,14,80,33,83,163,11.64,,,,,,,,,,,,,,,,,,,,
16,Edwards  Luke,West Coast,14,86,42,73,159,11.36,,,,,,,,,,,,,,,,,,,,
2,Waterman  Jake,West Coast,11,112,71,46,158,14.36,11,,,,,,,,,,,,,,,,,,,
15,Cripps  Jamie,West Coast,12,88,40,69,157,13.08,16,,,,,,,,,,,,,,,,,,,
20,McGovern  Jeremy,West Coast,9,110,64,42,152,16.89,,,,,,,,,,,,,,,,,,,,
39,Clark  Greg,West Coast,12,59,31,75,134,11.17,2,,,,,,,,,,,,,,,,,,,
35,Rotham  Josh,West Coast,13,102,68,28,130,10,,,,,,,,,,,,,,,,,,,,
29,Foley  Luke,West Coast,9,72,41,42,114,12.67,,,,,,,,,,,,,,,,,,,,
41,Maric  Ryan,West Coast,10,45,28,55,100,10,9,,,,,,,,,,,,,,,,,,,
33,Bazzo  Rhett,West Coast,11,41,34,54,95,8.64,,,,,,,,,,,,,,,,,,,,
36,West  Connor,West Coast,9,40,16,52,92,10.22,3,,,,,,,,,,,,,,,,,,,
34,Williams  Jack,West Coast,10,35,24,34,69,6.9,5,,,,,,,,,,,,,,,,,,,
49,Culley  Jai,West Coast,5,14,8,28,42,8.4,5,,,,,,,,,,,,,,,,,,,
40,Jamieson  Callum,West Coast,4,14,7,25,39,9.75,,,,,,,,,,,,,,,,,,,,
1,Ryan  Liam,West Coast,3,30,15,9,39,13,4,,,,,,,,,,,,,,,,,,,
26,Trew  Zane,West Coast,4,15,3,21,36,9,1,,,,,,,,,,,,,,,,,,,
42,Edwards  Harry,West Coast,2,12,7,4,16,8,,,,,,,,,,,,,,,,,,,,
30,Barnett  Harry,West Coast,1,,,2,2,2,,,,,,,,,,,,,,,,,,,,
4,Bontempelli  Marcus,Western Bulldogs,23,370,101,266,636,27.65,19,,,,,,,,,,,,,,,,,,,
21,Liberatore  Tom,Western Bulldogs,21,266,59,308,574,27.33,8,,,,,,,,,,,,,,,,,,,
31,Dale  Bailey,Western Bulldogs,23,393,92,180,573,24.91,2,,,,,,,,,,,,,,,,,,,
11,Macrae  Jack,Western Bulldogs,22,239,82,318,557,25.32,7,,,,,,,,,,,,,,,,,,,
1,Treloar  Adam,Western Bulldogs,19,253,54,304,557,29.32,13,,,,,,,,,,,,,,,,,,,
35,Daniel  Caleb,Western Bulldogs,23,295,100,242,537,23.35,10,,,,,,,,,,,,,,,,,,,
6,Smith  Bailey,Western Bulldogs,19,230,62,217,447,23.53,4,,,,,,,,,,,,,,,,,,,
44,English  Tim,Western Bulldogs,23,258,145,182,440,19.13,16,,,,,,,,,,,,,,,,,,,
20,Richards  Ed,Western Bulldogs,19,292,107,111,403,21.21,1,,,,,,,,,,,,,,,,,,,
34,Williams  Bailey,Western Bulldogs,23,215,116,165,380,16.52,11,,,,,,,,,,,,,,,,,,,
33,Naughton  Aaron,Western Bulldogs,23,180,100,87,267,11.61,44,,,,,,,,,,,,,,,,,,,
13,Baker  Oskar,Western Bulldogs,18,191,86,73,264,14.67,6,,,,,,,,,,,,,,,,,,,
2,Ugle-Hagan  Jamarra,Western Bulldogs,23,188,120,73,261,11.35,35,,,,,,,,,,,,,,,,,,,
15,Duryea  Taylor,Western Bulldogs,20,147,84,93,240,12,,,,,,,,,,,,,,,,,,,,
28,Scott  Anthony,Western Bulldogs,22,132,53,105,237,10.77,12,,,,,,,,,,,,,,,,,,,
42,Keath  Alex,Western Bulldogs,18,128,92,89,217,12.06,,,,,,,,,,,,,,,,,,,,
39,Johannisen  Jason,Western Bulldogs,11,150,54,58,208,18.91,5,,,,,,,,,,,,,,,,,,,
7,Lobb  Rory,Western Bulldogs,20,112,65,94,206,10.3,24,,,,,,,,,,,,,,,,,,,
3,Weightman  Cody,Western Bulldogs,19,139,54,59,198,10.42,34,,,,,,,,,,,,,,,,,,,
19,Jones  Liam,Western Bulldogs,18,129,89,37,166,9.22,,,,,,,,,,,,,,,,,,,,
23,Vandermeer  Laitham,Western Bulldogs,11,87,30,60,147,13.36,2,,,,,,,,,,,,,,,,,,,
14,West  Rhylee,Western Bulldogs,12,62,29,75,137,11.42,7,,,,,,,,,,,,,,,,,,,
25,Poulter  Caleb,Western Bulldogs,9,68,24,65,133,14.78,3,,,,,,,,,,,,,,,,,,,
32,Jones  Arthur,Western Bulldogs,13,47,17,52,99,7.62,4,,,,,,,,,,,,,,,,,,,
18,ODonnell  James,Western Bulldogs,12,60,34,39,99,8.25,1,,,,,,,,,,,,,,,,,,,
43,Gardner  Ryan,Western Bulldogs,10,61,36,28,89,8.9,1,,,,,,,,,,,,,,,,,,,
17,Bruce  Josh,Western Bulldogs,8,43,36,40,83,10.38,,,,,,,,,,,,,,,,,,,,
30,McNeil  Lachlan,Western Bulldogs,13,28,12,52,80,6.15,2,,,,,,,,,,,,,,,,,,,
22,OBrien  Tim,Western Bulldogs,7,63,36,17,80,11.43,,,,,,,,,,,,,,,,,,,,
9,Crozier  Hayden,Western Bulldogs,4,36,19,18,54,13.5,,,,,,,,,,,,,,,,,,,,
16,McLean  Toby,Western Bulldogs,6,10,8,39,49,8.17,,,,,,,,,,,,,,,,,,,,
29,Hannan  Mitch,Western Bulldogs,6,29,14,14,43,7.17,3,,,,,,,,,,,,,,,,,,,
38,Garcia  Riley,Western Bulldogs,3,12,2,19,31,10.33,1,,,,,,,,,,,,,,,,,,,
27,McComb  Robbie,Western Bulldogs,3,7,4,6,13,4.33,1,,,,,,,,,,,,,,,,,,,
10,Darcy  Sam,Western Bulldogs,3,7,2,3,10,3.33,,,,,,,,,,,,,,,,,,,,
36,Cleary  Luke,Western Bulldogs,1,5,2,3,8,8,,,,,,,,,,,,,,,,,,,,
24,Khamis  Buku,Western Bulldogs,1,3,1,3,6,6,,,,,,,,,,,,,,,,,,,,
