Player Number,Player  ,GM  ,KI  ,MK  ,HB  ,DI  ,DA  ,GL  ,BH  ,HO  ,TK  ,RB  ,IF  ,CL  ,CG  ,FF  ,FA  ,BR  ,CP  ,UP  ,CM  ,MI  ,1%  ,BO  ,GA  ,%P  ,SU  ,Team Name
29,Laird  Rory,22,262,67,375,637,28.95,3,10,,175,34,84,140,82,40,34,20,304,342,1,3,22,5,11,79.2,0/1,Adelaide
12,Dawson  Jordan,23,401,114,222,623,27.09,6,15,,153,52,130,88,87,38,27,20,216,386,13,7,39,13,20,86,,Adelaide
33,Smith  Brodie,22,334,109,132,466,21.18,4,4,,50,107,76,26,61,9,13,1,119,292,7,4,34,1,5,85.7,,Adelaide
2,Keays  Ben,23,218,72,223,441,19.17,22,19,,87,18,78,59,65,14,17,2,180,241,,14,25,,16,84,,Adelaide
30,Milera  Wayne,22,247,96,186,433,19.68,3,,,43,83,42,15,51,13,11,,121,280,11,,37,3,5,81.4,,Adelaide
20,Hinge  Mitch,22,313,104,119,432,19.64,1,4,,46,106,48,12,57,22,13,,141,259,9,1,60,1,4,82.3,0/1,Adelaide
9,Sloane  Rory,22,212,69,187,399,18.14,6,2,1,113,23,63,83,64,19,29,2,183,214,7,5,37,1,8,65.2,2-Jan,Adelaide
14,Soligo  Jake,21,209,74,138,347,16.52,10,11,,65,36,45,54,57,11,16,1,148,214,3,14,23,6,9,76.7,0/3,Adelaide
4,Murphy  Lachlan,22,190,67,139,329,14.95,12,8,,67,10,80,49,54,25,16,,142,192,3,9,25,10,13,78.2,,Adelaide
8,Rachele  Josh,21,204,81,117,321,15.29,23,25,,70,14,56,30,62,22,15,,111,212,4,22,18,10,14,76.4,1/0,Adelaide
22,Rankine  Izak,20,197,74,121,318,15.9,36,27,,64,4,64,38,70,14,28,7,156,160,8,33,18,15,15,90.4,,Adelaide
1,Jones  Chayce,18,216,46,98,314,17.44,7,5,,49,54,45,40,38,13,9,,111,176,2,4,29,2,9,81.8,1-Jan,Adelaide
43,OBrien  Reilly,23,117,66,169,286,12.43,4,4,888,72,18,29,66,69,21,26,3,174,91,32,6,84,,9,81.3,0/1,Adelaide
13,Walker  Taylor,22,226,124,60,286,13,76,34,55,29,,53,21,68,18,27,16,138,150,41,63,27,1,16,82.9,,Adelaide
38,Sholl  Lachlan,16,175,78,100,275,17.19,4,5,,31,32,32,22,32,5,11,,79,202,1,5,3,3,6,80.6,1/0,Adelaide
10,Pedlar  Luke,21,173,72,76,249,11.86,25,15,,55,4,52,29,66,26,25,,115,146,3,22,19,2,13,74.5,1/0,Adelaide
32,Fogarty  Darcy,21,157,102,80,237,11.29,34,23,1,41,1,41,8,50,11,24,3,102,139,24,42,24,2,16,84.7,,Adelaide
16,Michalanney  Max,22,159,80,78,237,10.77,,,,75,49,22,6,39,15,12,,74,156,8,1,63,,2,82.9,,Adelaide
7,Thilthorpe  Riley,21,126,74,97,223,10.62,18,9,116,31,7,38,25,53,16,19,2,134,88,38,19,41,,9,65.8,2/0,Adelaide
5,Crouch  Matt,7,55,18,132,187,26.71,2,,,35,4,22,45,20,11,7,,77,106,,1,7,1,1,68,1/0,Adelaide
24,Worrell  Josh,12,127,47,48,175,14.58,,,,25,56,24,5,25,9,6,,72,89,6,,67,,2,83.1,0/1,Adelaide
28,Murray  Nick,17,114,67,52,166,9.76,,1,,12,59,15,4,18,4,7,,65,88,16,1,137,,1,79.6,0/4,Adelaide
39,Doedee  Tom,11,92,49,73,165,15,,,,15,32,10,4,22,6,8,,50,109,5,,64,,,86.7,0/1,Adelaide
26,Schoenberg  Harry,11,76,29,73,149,13.55,2,4,,27,10,27,26,24,6,11,,53,89,1,3,7,3,4,58.7,3/0,Adelaide
41,Butts  Jordon,17,85,56,58,143,8.41,,,,16,40,3,1,27,10,15,,48,90,5,,86,,,77.7,0/5,Adelaide
25,McHenry  Ned,11,75,39,56,131,11.91,4,,,13,7,20,4,30,8,16,,40,95,,3,5,1,7,48.7,7/0,Adelaide
23,McAdam  Shane,7,38,30,30,68,9.71,12,4,,23,1,9,,11,4,6,,25,46,4,15,12,1,4,74.4,0/1,Adelaide
48,Keane  Mark,5,46,29,21,67,13.4,,,,3,16,5,,19,4,9,,27,37,8,,27,2,,93.2,,Adelaide
27,Nankervis  Luke,4,36,18,18,54,13.5,,,,13,7,7,3,7,,1,,14,38,1,,3,1,2,77,,Adelaide
37,Parnell  Patrick,5,37,17,16,53,10.6,,,,6,6,7,2,7,3,1,,12,40,1,,3,,,49.6,1-Jan,Adelaide
3,Berry  Sam,4,27,6,13,40,10,,1,,19,5,7,8,7,4,3,,21,23,,,2,,1,64.8,1-Jan,Adelaide
44,Gollant  Lachlan,4,28,16,10,38,9.5,4,6,2,7,1,13,2,5,8,3,,16,22,2,5,10,,1,78.5,,Adelaide
35,Borlase  James,4,20,15,12,32,8,,,,7,4,2,1,5,5,2,,14,21,2,,29,,,80.3,0/1,Adelaide
34,Himmelberg  Elliott,3,18,11,8,26,8.67,1,,14,4,1,6,2,3,2,1,,13,13,4,,6,,2,73,,Adelaide
15,Cook  Brayden,1,10,5,6,16,16,,1,,2,4,2,2,1,,1,,4,14,,1,1,,1,84,,Adelaide
6,Hately  Jackson,1,,1,4,4,4,,,,,,,1,1,,1,,1,3,,,1,,,26,1/0,Adelaide
21,Brown  Tyler,1,,,1,1,1,,,,3,,,,2,1,1,,2,,,,,,,29,1/0,Adelaide
9,Neale  Lachie,26,311,109,383,694,26.69,3,11,,106,33,96,205,78,40,20,31,353,335,,3,23,6,11,86.6,,Brisbane Lions
5,Dunkley  Josh,24,261,120,321,582,24.25,2,7,,165,27,58,119,67,39,13,4,302,295,11,5,52,,13,80.7,0/1,Brisbane Lions
6,McCluggage  Hugh,25,327,117,231,558,22.32,13,13,,91,35,116,96,81,19,16,3,237,331,3,10,15,5,30,80.8,,Brisbane Lions
7,Berry  Jarrod,25,268,119,172,440,17.6,10,5,,64,58,81,50,52,21,13,1,155,292,5,11,31,,8,76.3,0/2,Brisbane Lions
26,McKenna  Conor,26,358,95,81,439,16.88,7,5,,38,104,69,17,78,10,12,,88,288,2,4,46,16,8,81.6,,Brisbane Lions
44,Wilmot  Darcy,26,297,107,109,406,15.62,5,4,,43,75,46,24,57,20,17,,130,246,5,6,48,12,8,77.5,,Brisbane Lions
33,Bailey  Zac,24,254,76,148,402,16.75,29,19,,72,21,97,60,84,14,25,5,158,246,2,16,24,,20,80.1,,Brisbane Lions
8,Ashcroft  Will,18,200,61,198,398,22.11,8,6,,63,28,52,64,41,19,4,10,147,247,1,1,12,2,10,75.7,0/1,Brisbane Lions
18,Coleman  Keidean,23,306,120,86,392,17.04,2,4,,62,70,72,22,56,26,14,3,105,257,9,2,62,5,6,72.4,1-Jan,Brisbane Lions
3,Daniher  Joe,26,316,154,72,388,14.92,61,37,48,20,6,101,46,91,28,36,12,181,206,44,65,39,7,13,88.5,,Brisbane Lions
15,Zorko  Dayne,20,272,118,106,378,18.9,8,8,,71,32,82,44,63,18,17,,112,252,1,8,23,2,16,73.3,0/4,Brisbane Lions
31,Andrews  Harris,26,281,203,88,369,14.19,1,,,31,89,19,4,50,25,17,8,127,231,41,,275,3,2,97.8,,Brisbane Lions
16,Rayner  Cam,26,215,102,153,368,14.15,23,17,,58,19,71,41,67,17,19,2,146,224,14,19,29,4,16,79.5,,Brisbane Lions
46,McInerney  Oscar,25,173,44,137,310,12.4,9,7,845,72,27,69,140,76,24,25,,247,65,22,11,82,,3,82.6,,Brisbane Lions
37,Starcevich  Brandon,26,233,116,72,305,11.73,1,,,40,62,30,8,56,17,22,,106,184,16,,55,1,2,85.2,,Brisbane Lions
11,McCarthy  Lincoln,24,188,62,93,281,11.71,28,11,,72,6,75,27,61,17,22,,122,151,9,18,30,,15,78.4,,Brisbane Lions
35,Lester  Ryan,19,197,119,71,268,14.11,1,1,,38,38,25,2,27,18,10,,82,182,13,,77,,,87.3,,Brisbane Lions
23,Cameron  Charlie,26,196,88,61,257,9.88,59,27,,76,11,55,18,49,23,16,8,115,146,13,54,30,3,17,82.1,,Brisbane Lions
30,Hipwood  Eric,26,200,140,57,257,9.88,41,29,5,49,,56,1,71,22,27,1,95,167,27,69,44,2,23,84.1,,Brisbane Lions
40,Payne  Jack,23,177,124,48,225,9.78,,,,20,81,15,1,47,10,12,,72,154,17,,135,,1,91.3,,Brisbane Lions
19,Gunston  Jack,17,134,88,36,170,10,22,14,,16,9,35,1,34,8,8,3,61,111,15,26,19,,5,75.4,0/3,Brisbane Lions
28,Fletcher  Jaspa,14,102,65,63,165,11.79,8,6,,17,15,28,15,19,3,6,,56,108,4,4,5,6,4,67.1,1-Feb,Brisbane Lions
2,Robertson  Deven,16,71,34,73,144,9,3,2,,42,6,18,25,29,9,11,,69,74,2,3,18,,4,58.1,4-Jan,Brisbane Lions
10,Rich  Daniel,7,113,38,24,137,19.57,2,,,2,47,18,14,15,6,5,1,25,75,,,12,,1,72.1,0/1,Brisbane Lions
4,Ah Chee  Callum,12,81,42,45,126,10.5,6,5,,27,8,19,10,26,9,14,,57,74,9,8,15,1,5,60,2-Mar,Brisbane Lions
17,Lyons  Jarryd,10,47,12,46,93,9.3,2,1,,24,5,15,19,6,7,,,43,53,1,3,2,,3,34,7-Jan,Brisbane Lions
32,Fort  Darcy,7,37,12,22,59,8.43,1,3,90,11,4,13,13,16,4,7,,43,18,6,6,10,,4,59.1,2-Feb,Brisbane Lions
41,Joyce  Darragh,5,37,25,6,43,8.6,,,,2,13,1,,14,4,10,,16,28,4,,20,,,84.4,0/1,Brisbane Lions
20,Prior  Jaxon,5,36,14,7,43,8.6,1,1,,11,6,4,3,9,3,1,,12,28,,,10,,,63.8,1/0,Brisbane Lions
1,Lohmann  Kai,6,24,11,18,42,7,1,4,,11,2,8,2,7,2,1,,15,27,1,3,,,2,39.7,3-Jan,Brisbane Lions
22,Sharp  Harry,3,34,13,6,40,13.33,2,,,5,2,10,3,11,2,3,,12,29,,,3,,,67.7,0/1,Brisbane Lions
27,Gardiner  Darcy,4,22,12,12,34,8.5,,,,10,3,4,2,4,6,3,,19,16,1,,26,,1,90.3,,Brisbane Lions
43,Answerth  Noah,4,18,10,14,32,8,,,,11,2,7,,3,3,2,,12,20,,,3,,,32.3,3/0,Brisbane Lions
29,Tunstill  James,2,5,2,7,12,6,,,,,,3,1,1,,1,,6,6,,,,,,36,1-Jan,Brisbane Lions
14,Madden  James,2,5,,2,7,3.5,,,,4,1,3,1,1,1,,,2,5,,,1,1,1,49,1/0,Brisbane Lions
9,Cripps  Patrick,24,226,51,370,596,24.83,9,14,3,130,14,84,162,94,37,33,22,327,274,8,7,27,3,17,80.6,,Carlton
15,Docherty  Sam,23,359,138,227,586,25.48,8,9,,90,80,74,52,72,17,10,7,137,433,2,6,20,11,15,83.8,0/1,Carlton
13,Acres  Blake,25,319,137,257,576,23.04,10,5,,62,71,90,57,101,15,16,3,188,392,13,12,42,4,12,84.3,0/1,Carlton
24,Newman  Nic,24,376,183,185,561,23.38,3,3,,85,88,48,22,81,23,27,3,156,375,7,1,60,14,2,87.6,,Carlton
5,Cerra  Adam,22,275,74,285,560,25.45,9,7,,106,27,112,98,66,43,19,2,222,349,3,8,36,6,13,74.2,0/1,Carlton
18,Walsh  Sam,18,222,63,292,514,28.56,6,4,,87,25,86,69,75,19,27,5,196,325,2,4,10,8,18,78.6,,Carlton
42,Saad  Adam,25,341,111,161,502,20.08,,,,48,120,53,23,51,10,7,3,156,287,9,,69,55,1,80.6,0/1,Carlton
29,Hewett  George,22,182,49,263,445,20.23,3,1,,102,24,58,78,46,22,15,5,209,240,3,6,8,2,7,65.6,3-Jan,Carlton
23,Weitering  Jacob,26,317,208,85,402,15.46,,,,23,129,17,7,50,20,7,6,145,258,48,,181,6,,98.7,,Carlton
11,McGovern  Mitch,22,297,105,82,379,17.23,2,2,,54,116,32,3,60,16,16,,96,186,22,,73,,3,75.5,0/1,Carlton
30,Curnow  Charlie,26,280,180,76,356,13.69,81,44,3,27,2,92,4,61,39,21,17,179,177,67,73,56,1,19,93.7,0/1,Carlton
7,Kennedy  Matthew,16,157,58,134,291,18.19,5,6,,48,19,49,50,35,12,11,,123,165,3,4,9,,8,64.1,3-Jan,Carlton
17,Kemp  Brodie,17,182,113,87,269,15.82,1,,,28,51,21,2,40,5,7,,76,185,22,,77,2,2,91.7,,Carlton
14,Hollands  Oliver,19,163,58,103,266,14,2,4,,48,25,42,22,43,13,9,,77,199,1,5,34,1,7,75.3,1-Feb,Carlton
25,Fisher  Zac,12,135,40,115,250,20.83,4,5,,16,25,21,19,33,7,9,,66,180,,3,18,1,2,76.9,,Carlton
10,McKay  Harry,21,190,141,57,247,11.76,29,29,18,34,1,51,6,52,32,19,2,118,135,47,51,40,2,11,86.1,0/2,Carlton
46,Cottrell  Matthew,17,160,72,78,238,14,11,11,,34,21,43,11,31,9,5,,78,160,3,11,20,2,5,89.8,,Carlton
39,Cincotta  Alex,19,113,53,121,234,12.32,3,2,,35,31,35,15,31,9,14,,85,148,4,2,36,2,1,78.1,,Carlton
12,De Koning  Tom,19,114,54,114,228,12,9,7,337,47,16,46,67,68,27,30,,158,77,19,8,64,,4,78.4,,Carlton
35,Curnow  Ed,17,141,46,84,225,13.24,3,6,,43,15,33,20,31,4,11,,68,157,,4,8,1,10,65.8,5-Jan,Carlton
1,Silvagni  Jack,16,129,64,88,217,13.56,14,12,47,43,10,31,27,52,16,24,2,98,118,11,11,31,1,10,72.2,0/3,Carlton
3,Motlop  Jesse,21,123,38,86,209,9.95,24,7,,50,5,42,2,40,15,16,,85,124,4,11,7,5,7,70.6,1/0,Carlton
33,Young  Lewis,15,114,77,86,200,13.33,,2,60,16,43,12,7,35,7,9,,72,119,15,,127,,1,88.6,1-Jan,Carlton
27,Pittonet  Marc,18,89,24,82,171,9.5,,1,446,32,6,16,55,42,17,24,,114,56,7,1,45,,3,69.2,0/1,Carlton
28,Cuningham  David,12,64,26,102,166,13.83,6,4,,45,4,26,16,23,6,4,,58,112,1,9,8,5,6,72.8,0/2,Carlton
44,Owies  Matthew,18,107,48,54,161,8.94,27,12,,44,1,25,7,39,14,17,,72,96,2,29,18,1,10,71.7,0/1,Carlton
2,Dow  Paddy,10,96,15,63,159,15.9,2,1,,25,10,42,42,19,7,4,,64,94,1,,5,,6,53.5,5/0,Carlton
8,Fogarty  Lachie,12,77,28,72,149,12.42,4,4,,58,9,28,15,21,5,4,,59,91,,4,11,1,9,76.4,0/2,Carlton
21,Martin  Jack,13,75,46,67,142,10.92,17,10,,31,5,18,7,30,12,13,1,63,83,8,18,12,,5,71.9,0/2,Carlton
37,Boyd  Jordan,9,83,26,29,112,12.44,,2,,21,27,15,5,15,5,4,,31,75,1,,20,1,,82.1,,Carlton
22,Marchbank  Caleb,8,77,46,34,111,13.88,,,,16,15,8,,25,7,7,,35,77,5,,38,,2,77.5,1/0,Carlton
19,Durdin  Corey,11,66,16,31,97,8.82,11,7,,44,3,14,6,14,5,6,,41,56,,5,4,,3,74,,Carlton
26,Cowan  Lachlan,7,49,20,20,69,9.86,,,,13,10,9,,14,5,6,,21,49,2,,7,,,69.7,0/1,Carlton
36,Honey  Josh,6,27,14,17,44,7.33,3,3,,13,1,10,3,7,1,4,,14,32,,4,2,,2,66.8,1/0,Carlton
4,OBrien  Lochie,6,30,17,13,43,7.17,,1,,5,8,5,2,12,1,2,,11,30,1,,1,4,1,47.3,4/0,Carlton
20,Plowman  Lachie,1,9,5,3,12,12,,,,2,2,1,,2,2,1,,4,8,,,1,,,74,,Carlton
16,Carroll  Jack,1,1,,3,4,4,,,,1,,,1,,,,,2,2,,,,,,14,1/0,Carlton
35,Daicos  Nick,22,357,71,325,682,31,19,13,,84,75,83,88,67,27,13,28,197,404,,9,11,21,13,84.3,,Collingwood
7,Daicos  Josh,26,362,120,288,650,25,16,8,,59,61,86,79,81,25,16,8,197,441,,7,16,4,8,86.8,,Collingwood
6,Mitchell  Tom,26,250,79,400,650,25,7,1,,157,23,94,126,81,41,28,12,289,370,1,5,18,3,13,73.7,1-Feb,Collingwood
10,Pendlebury  Scott,25,305,89,266,571,22.84,9,3,,108,28,91,106,79,21,12,6,192,356,1,5,41,1,18,76.8,0/2,Collingwood
25,Crisp  Jack,26,294,98,261,555,21.35,10,8,,114,38,94,68,84,16,18,2,207,349,7,7,31,15,17,80,,Collingwood
2,de Goey  Jordan,21,257,77,245,502,23.9,18,9,,68,18,104,119,95,18,29,8,215,292,3,9,30,3,16,84.9,,Collingwood
9,Noble  John,23,322,123,148,470,20.43,3,1,,56,109,47,19,66,27,13,1,98,351,,1,28,12,5,80,,Collingwood
4,Maynard  Brayden,25,318,125,136,454,18.16,,5,,74,89,57,12,81,17,29,,127,298,10,,107,7,7,83.2,,Collingwood
13,Adams  Taylor,23,222,78,202,424,18.43,13,11,,105,5,87,85,88,25,33,5,182,247,1,12,18,3,25,76.3,,Collingwood
3,Quaynor  Isaac,26,250,143,171,421,16.19,,2,,68,97,33,12,46,17,6,2,145,263,19,2,67,5,3,83,,Collingwood
22,Sidebottom  Steele,20,257,85,160,417,20.85,4,2,,72,45,63,48,57,8,10,3,138,264,2,4,36,7,12,80.2,0/1,Collingwood
30,Moore  Darcy,24,253,137,121,374,15.58,,1,,22,121,30,2,64,22,24,3,150,150,47,,192,15,1,91.6,0/1,Collingwood
32,Hoskin-Elliott  Will,23,199,92,87,286,12.43,10,4,,47,28,47,13,38,8,2,,80,200,5,8,46,2,7,73.6,2-Jan,Collingwood
37,Markov  Oleg,23,151,83,128,279,12.13,1,2,,45,43,38,8,34,12,6,,82,200,2,2,39,17,4,69.1,5/0,Collingwood
5,Elliott  Jamie,24,170,110,101,271,11.29,39,28,,70,2,38,8,50,15,11,5,106,174,10,59,37,3,17,83.5,0/1,Collingwood
31,McCreery  Beau,25,170,67,84,254,10.16,17,12,,96,6,69,10,53,7,27,,77,163,3,11,18,20,15,71.1,1-Jan,Collingwood
14,Cameron  Darcy,19,139,65,110,249,13.11,5,6,490,61,16,18,60,56,37,24,,162,96,26,8,42,,4,74.2,0/2,Collingwood
1,Lipinski  Patrick,14,114,40,135,249,17.79,5,2,,47,15,39,28,43,8,9,,96,154,2,3,11,,8,79.5,1/0,Collingwood
41,Mihocek  Brody,24,189,114,60,249,10.38,47,26,,44,1,54,4,57,13,25,5,107,145,27,52,31,,11,90.3,0/1,Collingwood
23,Hill  Bobby,24,172,78,75,247,10.29,33,14,,56,4,54,6,45,13,15,,88,158,4,27,24,32,15,74.4,0/1,Collingwood
28,Murphy  Nathan,24,145,86,87,232,9.67,,,,46,60,8,2,56,28,21,1,99,137,14,,169,3,1,87.8,0/1,Collingwood
38,Howe  Jeremy,14,144,84,60,204,14.57,7,1,,26,58,11,3,16,5,3,,44,131,9,8,42,2,2,82.9,0/2,Collingwood
46,Cox  Mason,19,109,69,47,156,8.21,17,13,324,26,9,23,23,43,29,17,3,96,59,29,25,54,,7,66.4,1-Jan,Collingwood
17,Frampton  Billy,16,100,51,49,149,9.31,7,3,133,19,34,18,10,37,6,16,,54,95,10,4,83,1,,86,,Collingwood
33,Ginnivan  Jack,14,87,32,40,127,9.07,12,8,,16,4,27,7,24,5,5,1,47,76,1,13,11,,9,58.8,5/0,Collingwood
40,Johnson  Ash,15,83,53,38,121,8.07,21,10,15,23,1,21,2,34,10,17,,64,60,19,23,15,,6,70.9,0/3,Collingwood
11,McStay  Daniel,14,77,53,41,118,8.43,20,7,29,31,3,16,11,30,8,9,,59,58,19,25,29,,5,82.9,0/2,Collingwood
36,Harrison  Harvey,4,13,9,18,31,7.75,3,1,,9,2,5,,4,1,,,9,22,1,1,3,,2,63.8,1/0,Collingwood
26,McInnes  Reef,5,11,8,7,18,3.6,3,1,,3,,2,,8,1,,,11,8,2,3,3,,1,40.2,3-Jan,Collingwood
20,Kelly  Will,2,9,6,4,13,6.5,,,,2,,4,,4,,1,,6,8,,,1,,,43,2/0,Collingwood
21,Ruscoe  Trey,1,9,7,2,11,11,,,,2,4,2,,1,1,1,,5,6,2,,5,,1,86,,Collingwood
8,Bianco  Trent,1,7,3,2,9,9,,,,,1,1,,3,,,,1,9,,,1,,1,40,1/0,Collingwood
15,Kreuger  Nathan,2,2,1,5,7,3.5,,,,1,1,1,,3,,1,,3,4,,,1,,,26,0/2,Collingwood
18,Macrae  Finlay,1,,,7,7,7,,,,8,,,1,,1,,,4,5,,,,,,37,1/0,Collingwood
24,Ryan  Jakob,1,3,2,2,5,5,,,,,1,,,2,,,,2,3,,,,,,29,0/1,Collingwood
12,Wilson  Tom,1,2,2,3,5,5,,,,1,,2,,1,,,,1,4,,,,,,48,1/0,Collingwood
45,Carmichael  Josh,1,,,2,2,2,,,,1,,,,,,,,3,1,,,2,,,24,1/0,Collingwood
7,Merrett  Zach,22,336,112,298,634,28.82,8,10,,121,44,112,103,65,43,14,17,212,430,,5,42,8,16,84.3,,Essendon
3,Parish  Darcy,18,271,78,284,555,30.83,3,6,,77,39,109,139,76,19,14,15,252,308,1,5,13,3,8,80.4,,Essendon
1,McGrath  Andrew,23,289,120,235,524,22.78,,1,,47,124,41,11,38,11,5,2,113,360,3,,34,67,4,83.2,,Essendon
37,Martin  Nic,23,290,124,216,506,22,17,4,,50,59,63,31,69,18,13,10,160,348,5,13,39,14,22,89.8,,Essendon
27,Redman  Mason,23,380,138,124,504,21.91,7,5,,43,112,57,5,62,17,20,1,103,318,11,,53,11,5,81.9,,Essendon
21,Heppell  Dyson,22,253,156,190,443,20.14,1,,,50,64,33,7,44,15,11,,121,310,13,4,44,6,3,82.4,1-Jan,Essendon
6,Caldwell  Jye,21,183,71,208,391,18.62,11,12,,89,24,67,70,51,20,18,2,168,225,6,8,12,2,12,75.7,0/1,Essendon
22,Durham  Sam,22,178,107,185,363,16.5,5,2,,47,27,40,24,64,13,24,,137,237,9,8,34,5,5,81.9,,Essendon
8,Hobbs  Ben,18,195,72,159,354,19.67,6,4,,73,20,63,62,67,25,33,,135,224,2,6,10,3,5,69.3,1/0,Essendon
16,Perkins  Archie,23,219,95,132,351,15.26,18,13,,65,18,82,32,55,18,19,,125,233,7,16,16,3,10,79,,Essendon
14,Ridley  Jordan,17,259,126,86,345,20.29,1,1,,15,82,8,1,26,10,10,1,69,217,18,,86,11,1,82.3,0/2,Essendon
4,Langford  Kyle,23,218,130,96,314,13.65,51,23,,36,17,37,6,51,12,14,3,117,200,18,64,40,5,20,91.1,,Essendon
15,Laverde  Jayden,19,186,124,115,301,15.84,1,,,37,60,20,5,36,21,18,,86,211,10,1,74,2,1,85.2,0/2,Essendon
19,Hind  Nick,16,220,68,71,291,18.19,3,1,,24,58,28,10,34,3,6,,44,220,1,3,23,32,3,69.9,4/0,Essendon
30,Zerk-Thatcher  Brandon,22,164,120,103,267,12.14,,,,33,55,9,3,44,13,18,,109,159,16,,161,1,,91.1,,Essendon
29,Kelly  Jake,17,136,91,108,244,14.35,1,,,28,33,22,6,23,10,8,,72,173,3,1,44,,,88.9,,Essendon
25,Stringer  Jake,17,145,45,83,228,13.41,21,23,,51,7,56,45,52,10,15,3,121,119,7,16,17,,10,79.4,1/0,Essendon
9,Shiel  Dylan,12,105,32,119,224,18.67,6,1,,38,18,39,40,30,5,5,,87,130,,2,14,6,6,62.8,2-Jan,Essendon
12,Setterfield  Will,10,112,47,96,208,20.8,2,3,,60,15,40,30,31,8,4,,72,137,,3,9,1,4,79.4,,Essendon
47,Menzie  Jye,21,100,47,82,182,8.67,23,11,,48,3,32,3,29,7,11,,74,111,6,16,17,3,11,73,2-Jan,Essendon
11,Snelling  Will,15,89,44,82,171,11.4,6,3,,47,11,22,13,24,9,2,,55,118,2,10,22,,8,65.6,3/0,Essendon
2,Draper  Sam,14,101,37,53,154,11,10,12,282,28,14,25,43,45,15,23,,102,48,16,11,46,,4,76.7,0/1,Essendon
34,Phillips  Andrew,20,90,46,62,152,7.6,5,7,414,48,10,27,36,46,21,19,3,96,61,16,9,66,,8,69.9,0/2,Essendon
10,Weideman  Sam,16,86,65,59,145,9.06,15,15,13,18,4,23,7,26,12,5,,63,85,16,20,12,,9,82.6,0/1,Essendon
35,Guelfi  Matt,13,68,30,70,138,10.62,14,4,,37,1,19,10,29,13,9,,68,67,6,7,14,,2,69.5,1-Jan,Essendon
20,Wright  Peter,10,64,44,32,96,9.6,19,10,25,13,2,14,2,15,6,5,2,46,55,11,22,23,,4,91.5,,Essendon
42,DAmbrosio  Massimo,8,56,24,31,87,10.88,1,1,,10,15,8,3,12,,5,,22,64,2,,1,2,2,47.6,4-Jan,Essendon
33,Davey  Alwyn,10,41,20,34,75,7.5,4,2,,20,3,17,4,13,4,1,,37,40,2,2,7,5,4,59.7,2-Jan,Essendon
24,Bryan  Nick,8,43,20,29,72,9,1,2,141,11,7,13,10,11,5,2,,38,31,9,4,25,,3,52.8,0/4,Essendon
13,Cox  Nik,6,32,18,39,71,11.83,,3,,13,6,8,3,16,3,7,,30,44,1,2,16,,2,83,,Essendon
5,Tsatas  Elijah,4,35,15,30,65,16.25,1,2,,11,3,6,7,7,1,2,,17,46,1,1,1,,,66.5,,Essendon
43,McDonald-Tipungwuti  Anthony,7,27,15,23,50,7.14,4,5,,15,,5,1,10,1,7,,17,35,2,7,5,2,4,63.4,2/0,Essendon
23,Jones  Harry,5,29,21,16,45,9,2,4,,4,,10,2,7,3,1,,21,23,5,6,7,,2,66.6,0/3,Essendon
26,Baldwin  Kaine,4,26,19,9,35,8.75,,,,4,12,4,2,4,2,1,,10,25,1,,11,,1,65.3,0/1,Essendon
3,Serong  Caleb,22,337,72,338,675,30.68,4,10,,109,47,114,167,81,41,12,24,317,359,1,3,12,,22,83.5,,Essendon
8,Brayshaw  Andrew,23,322,87,349,671,29.17,11,4,,143,43,97,100,74,37,22,10,220,439,,4,30,2,12,82.7,,Essendon
13,Ryan  Luke,23,451,189,100,551,23.96,,,,50,168,23,8,45,21,18,6,114,325,14,,68,9,2,86.5,,Essendon
26,Young  Hayden,22,323,105,169,492,22.36,1,2,,86,89,70,35,50,22,11,5,135,317,9,,32,5,9,82.9,,Essendon
6,Clark  Jordan,23,266,131,175,441,19.17,1,1,,63,73,52,14,49,19,20,,124,311,4,,58,8,4,85,,Essendon
2,OMeara  Jaeger,21,186,55,225,411,19.57,7,3,,102,20,50,90,49,21,21,1,183,229,1,3,20,1,4,73.3,0/1,Essendon
11,Aish  James,20,224,80,172,396,19.8,4,4,,49,31,77,37,42,18,10,,117,273,5,4,20,2,7,82,,Essendon
5,Schultz  Lachie,23,208,100,157,365,15.87,33,19,,95,8,65,21,59,25,18,6,127,233,9,27,29,1,17,82.1,,Essendon
9,Jackson  Luke,23,165,78,181,346,15.04,22,19,406,81,20,45,59,53,30,18,6,192,168,28,26,55,,7,82.6,,Essendon
36,Cox  Brennan,20,210,151,128,338,16.9,2,,,19,78,14,4,37,4,11,,111,215,36,1,165,,1,89.8,,Essendon
23,Henry  Liam,16,196,79,131,327,20.44,1,5,,42,19,37,18,46,7,15,3,81,250,2,6,8,6,9,82.1,,Essendon
39,Switkowski  Sam,22,134,58,174,308,14,16,9,,89,8,63,45,37,25,7,1,136,186,2,12,31,8,12,75.7,0/1,Essendon
15,Hughes  Ethan,20,157,85,110,267,13.35,2,1,,35,43,35,12,29,9,6,,69,199,6,,53,1,4,78.9,0/1,Essendon
44,Johnson  Matthew,18,131,59,125,256,14.22,4,4,,46,19,31,33,34,10,7,,71,183,1,3,10,1,4,57.4,4-Mar,Essendon
25,Pearce  Alex,23,134,90,96,230,10,,,,49,57,8,6,41,19,21,3,112,118,22,,117,,1,93.6,0/1,Essendon
32,Frederick  Michael,19,151,77,76,227,11.95,26,12,,32,9,51,11,39,11,13,,70,163,4,23,15,6,14,80.3,,Essendon
4,Darcy  Sean,15,95,51,112,207,13.8,4,6,587,48,5,42,61,39,20,20,2,142,68,23,10,33,,8,74.5,0/1,Essendon
10,Walters  Michael,20,127,56,72,199,9.95,33,13,,33,1,29,10,46,14,21,,81,121,5,23,5,2,16,78.8,2-Jan,Essendon
28,Erasmus  Neil,14,94,43,81,175,12.5,1,1,,43,19,23,26,32,11,13,,59,118,,2,9,,,51,6-Feb,Essendon
24,Amiss  Jye,22,112,79,56,168,7.64,41,17,,30,,19,,26,15,10,,77,93,29,42,13,5,8,78,0/1,Essendon
41,Banfield  Bailey,14,89,41,71,160,11.43,11,9,,16,4,25,4,24,6,4,,67,97,5,14,21,4,8,72.5,1-Jan,Essendon
34,Wagner  Corey,9,110,41,47,157,17.44,,,,31,36,17,10,22,8,8,,35,115,,1,14,4,4,78.8,,Essendon
35,Treacy  Josh,17,86,58,68,154,9.06,15,6,67,44,2,37,10,30,15,11,,77,82,15,16,50,1,3,78.5,0/1,Essendon
31,Walker  Brandon,14,93,41,52,145,10.36,,,,19,28,10,,31,7,16,,48,105,4,,30,,,80.6,0/1,Essendon
30,ODriscoll  Nathan,10,92,43,43,135,13.5,1,2,,20,8,19,12,24,7,7,,36,103,,2,11,2,2,73.7,1-Jan,Essendon
7,Fyfe  Nat,9,52,23,73,125,13.89,3,2,,22,2,24,24,32,4,13,,68,62,4,6,10,3,3,62.8,2-Feb,Essendon
1,Sturt  Sam,14,65,45,54,119,8.5,17,9,,17,,20,3,20,5,7,,38,86,2,20,8,2,5,70.4,2-Jan,Essendon
17,Brodie  Will,5,37,5,66,103,20.6,1,1,,19,3,18,27,19,3,3,,49,56,1,,3,2,1,64,1/0,Essendon
14,Wilson  Nathan,4,44,22,17,61,15.25,,,,2,10,13,1,4,2,1,,11,47,2,,6,3,,80.8,,Essendon
27,Chapman  Heath,3,23,15,22,45,15,,,,6,8,2,,4,2,1,,14,32,1,,5,,,70.7,0/1,Essendon
21,Hamling  Joel,4,18,17,27,45,11.25,,,,4,4,,2,2,3,1,,15,30,1,,30,,,89.5,,Essendon
40,Worner  Karl,4,23,12,21,44,11,,1,,1,9,3,2,6,1,1,,7,36,,1,6,,1,67,1/0,Essendon
20,Taberner  Matthew,4,20,19,16,36,9,3,,,3,,8,,10,1,5,,11,25,5,3,3,,,69.3,0/2,Essendon
19,Corbett  Josh,5,23,20,10,33,6.6,3,3,,2,,5,,4,1,1,,11,20,5,4,5,,2,64.4,1-Jan,Essendon
18,Emmett  Tom,2,16,7,14,30,15,4,,,6,,5,2,6,4,2,,11,18,1,1,1,2,2,80.5,,Essendon
46,Stanley  Ethan,2,7,2,1,8,4,,1,,1,,4,1,,1,,,1,7,,,,,1,15.5,2/0,Essendon
44,Stewart  Tom,22,408,182,99,507,23.05,1,,,43,158,32,8,52,21,16,6,136,288,20,1,79,7,2,85,0/1,Essendon
7,Smith  Isaac,22,326,139,147,473,21.5,10,12,,36,64,80,25,58,8,9,,82,345,2,8,15,10,12,83.7,,Essendon
30,Atkins  Tom,23,195,33,251,446,19.39,4,1,,175,27,54,116,78,29,34,1,238,207,,5,31,4,5,73.6,,Essendon
32,Miers  Gryan,23,259,108,179,438,19.04,7,13,,67,9,98,42,74,14,20,2,140,306,4,16,16,17,41,84.8,,Essendon
9,Holmes  Max,21,228,69,172,400,19.05,7,5,,88,26,83,67,70,19,20,1,158,238,4,7,21,17,7,74.6,,Essendon
39,Guthrie  Zach,23,251,128,120,371,16.13,3,2,,59,65,32,11,44,10,10,,112,231,15,1,62,7,3,84.7,,Essendon
35,Dangerfield  Patrick,18,213,59,156,369,20.5,11,8,,67,13,106,101,81,25,19,12,191,172,11,13,18,4,24,66.2,0/2,Essendon
2,Tuohy  Zach,20,248,71,115,363,18.15,6,9,,32,84,47,23,52,9,12,,112,194,7,7,12,13,6,85.2,,Essendon
22,Duncan  Mitch,16,224,110,135,359,22.44,5,5,,40,50,51,25,40,11,6,2,91,244,4,4,20,3,7,81.3,,Essendon
5,Cameron  Jeremy,20,255,114,66,321,16.05,53,34,1,27,6,75,14,79,22,21,13,88,236,16,55,26,,13,93.7,0/1,Essendon
4,Bruhn  Tanner,19,176,56,134,310,16.32,8,1,,92,22,55,55,53,13,17,,127,189,,2,8,9,6,62.6,1-Feb,Essendon
42,OConnor  Mark,22,186,96,123,309,14.05,3,2,,68,45,38,29,45,26,16,,110,202,7,2,42,1,3,80.1,1/0,Essendon
46,Blicavs  Mark,19,154,65,147,301,15.84,12,7,202,88,12,56,80,60,21,19,3,176,121,17,14,48,,8,76.9,0/2,Essendon
45,Close  Brad,21,124,53,153,277,13.19,21,6,,56,4,50,23,42,19,13,3,116,172,2,16,25,2,21,82.2,,Essendon
12,Bowes  Jack,17,156,66,105,261,15.35,4,6,,40,31,45,24,47,8,14,,104,150,5,7,17,4,1,67.4,3-Jan,Essendon
16,De Koning  Sam,19,129,86,105,234,12.32,,,32,11,43,18,8,28,10,10,,94,142,12,,91,1,2,88.8,0/1,Essendon
36,Henry  Oliver,22,139,82,86,225,10.23,41,20,,35,4,35,7,43,18,10,2,105,126,14,40,23,1,7,80.3,1/0,Essendon
8,Kolodjashnij  Jake,19,136,89,82,218,11.47,,3,,29,33,17,2,24,6,9,,70,140,10,,68,3,2,85.1,,Essendon
18,Stengle  Tyson,19,146,48,71,217,11.42,27,9,,42,2,53,14,49,10,16,2,84,135,3,17,18,7,12,78.9,0/1,Essendon
26,Hawkins  Tom,20,146,91,68,214,10.7,49,26,63,18,1,22,14,42,9,17,7,113,107,29,71,13,1,18,91.8,,Essendon
24,Bews  Jed,15,79,36,78,157,10.47,,1,,30,24,13,6,31,3,8,,71,80,2,,20,,1,77.9,0/1,Essendon
1,Stanley  Rhys,13,78,30,77,155,11.92,,3,368,32,13,25,30,48,22,24,,80,71,3,4,57,,3,77.5,0/1,Essendon
17,Ratugolea  Esava,16,93,70,49,142,8.88,,,2,22,37,9,1,35,10,13,,64,76,23,,98,,,83.6,0/3,Essendon
29,Guthrie  Cameron,6,77,25,57,134,22.33,,,,31,9,18,19,32,4,9,,47,79,1,1,9,2,1,72.8,0/1,Essendon
23,Rohan  Gary,15,89,45,45,134,8.93,18,9,5,35,4,30,7,24,11,4,1,70,69,15,19,17,3,8,71.5,1-Jan,Essendon
38,Henry  Jack,11,81,47,37,118,10.73,4,,6,15,23,7,2,17,9,4,,54,62,11,4,50,,1,87.8,0/1,Essendon
3,Parfitt  Brandan,9,58,6,56,114,12.67,1,1,,50,4,19,19,23,6,7,,45,64,,1,3,,4,50.1,5/0,Essendon
10,Knevitt  Mitch,8,61,24,34,95,11.88,2,3,,19,12,18,5,13,5,3,,42,55,7,4,4,,4,59.4,2-Jan,Essendon
15,Ceglar  Jonathon,6,34,21,42,76,12.67,,,153,8,4,10,28,18,6,8,,49,29,7,1,19,,,67,0/1,Essendon
37,Simpson  Sam,6,26,12,29,55,9.17,7,3,,7,,10,1,6,2,3,,23,34,,6,3,1,1,65.8,1-Jan,Essendon
34,Mullin  Oisin,6,22,12,27,49,8.17,,1,,9,3,4,1,9,1,3,,17,30,1,,7,,,61.7,2/0,Essendon
28,Dempsey  Oliver,5,16,8,22,38,7.6,1,3,,10,2,5,3,2,2,1,,14,23,1,2,2,,1,42,3-Jan,Essendon
27,Menegola  Sam,1,17,6,10,27,27,,1,,3,3,3,3,10,,1,,6,22,,,2,,,81,,Essendon
33,Neale  Shannon,3,9,12,12,21,7,1,2,19,9,,3,1,6,,2,,15,8,7,5,6,,2,85.3,,Essendon
13,Clark  Jhye,1,4,,2,6,6,,,,5,2,1,1,3,,,,3,3,,,,,,25,1/0,Essendon
6,Conway  Toby,1,2,1,4,6,6,,,24,3,,,2,3,1,2,,4,2,1,,2,,,68,,Essendon
40,Clohesy  Ted,1,1,1,4,5,5,,,,1,,,,,,,,2,3,,,,,,26,1/0,Essendon
11,Whyte  Cooper,1,1,1,,1,1,,,,,,,,,,,,,1,,,,,,17,1/0,Essendon
15,Anderson  Noah,23,380,104,239,619,26.91,14,15,,79,51,110,148,80,15,16,22,278,333,1,6,27,29,12,84.5,,Gold Coast 
18,Rowell  Matt,23,273,43,214,487,21.17,7,2,,190,39,86,177,91,41,35,12,330,186,,2,31,4,12,82.9,,Gold Coast 
44,Macpherson  Darcy,23,306,128,135,441,19.17,3,2,,48,84,32,17,69,18,17,,126,286,6,1,28,5,5,81.4,1/0,Gold Coast 
24,Swallow  David,23,222,78,160,382,16.61,14,11,,101,13,66,71,61,15,23,,181,206,10,13,32,,9,76.7,,Gold Coast 
9,Ainsworth  Ben,21,228,100,143,371,17.67,21,15,,39,26,64,25,53,13,8,,136,241,3,23,12,1,11,82,,Gold Coast 
27,Powell  Wil,18,275,115,90,365,20.28,,3,,42,105,39,13,52,20,21,,83,215,8,,40,5,3,79.7,,Gold Coast 
2,Atkins  Rory,17,241,87,104,345,20.29,3,3,,19,83,44,16,31,8,9,,60,225,,2,16,18,8,71.2,3-Jan,Gold Coast 
3,Flanders  Sam,14,179,75,160,339,24.21,5,3,,35,17,52,48,30,11,4,1,122,212,2,5,10,1,8,71.9,0/2,Gold Coast 
11,Miller  Touk,13,191,50,133,324,24.92,4,1,,68,31,57,66,54,12,16,3,126,197,1,5,11,1,8,82,,Gold Coast 
8,Fiorini  Brayden,17,204,69,98,302,17.76,4,8,,44,34,52,34,47,11,10,2,90,211,,3,23,,6,71.7,2-Jan,Gold Coast 
13,Lukosius  Jack,22,256,140,41,297,13.5,39,22,,24,18,97,2,57,15,17,8,110,178,22,36,54,2,15,83.6,,Gold Coast 
10,Ballard  Charlie,23,230,142,63,293,12.74,1,,,29,66,18,2,60,14,20,,120,164,44,1,142,1,1,95.7,,Gold Coast 
28,Witts  Jarrod,21,151,51,139,290,13.81,4,2,824,55,15,42,91,59,31,26,,180,117,14,3,59,,3,82.8,,Gold Coast 
4,Ellis  Brandon,16,195,86,93,288,18,7,8,,37,14,46,26,29,4,7,,86,203,4,5,15,4,5,84.9,,Gold Coast 
25,Collins  Sam,23,176,127,104,280,12.17,,,,37,58,17,6,37,14,9,,127,153,17,,210,,,97.1,,Gold Coast 
19,Humphrey  Bailey,19,148,32,88,236,12.42,11,12,,49,11,57,27,44,12,9,,129,107,6,9,9,1,10,67.6,1-Feb,Gold Coast 
7,Holman  Nick,19,101,48,132,233,12.26,13,8,,84,7,31,14,45,13,21,,115,125,7,12,26,1,14,82.2,,Gold Coast 
30,Casboult  Levi,20,138,95,57,195,9.75,24,11,93,29,5,34,18,66,9,26,,93,98,30,31,43,,10,84.4,0/1,Gold Coast 
14,Weller  Lachie,9,138,61,56,194,21.56,,2,,15,43,23,6,23,4,7,2,41,130,1,1,12,4,4,79.8,0/1,Gold Coast 
31,Andrew  Mac,17,148,88,39,187,11,,,,24,47,18,6,45,9,20,,66,120,19,,70,1,,84.5,,Gold Coast 
41,Rosas  Malcolm,19,109,38,68,177,9.32,19,17,,42,3,30,10,27,9,9,,80,96,1,9,12,7,6,66.3,1-Jan,Gold Coast 
22,Long  Ben,15,114,42,57,171,11.4,,1,,34,47,11,11,51,4,22,,73,89,5,,48,2,2,80.9,,Gold Coast 
34,King  Ben,20,112,67,46,158,7.9,40,21,,9,,28,2,35,24,13,7,95,69,23,46,21,1,6,84.7,0/1,Gold Coast 
5,Davies  Alex,9,60,15,69,129,14.33,1,3,,39,5,21,24,31,7,12,,74,61,2,1,17,,3,70.1,,Gold Coast 
36,Hollands  Elijah,9,72,23,42,114,12.67,3,2,,23,13,15,9,32,3,8,,44,73,1,1,5,1,1,72.4,0/3,Gold Coast 
23,Lemmens  Sean,11,83,38,22,105,9.55,,1,,19,36,3,6,20,8,9,,39,69,5,1,22,1,,70.5,0/2,Gold Coast 
50,Farrar  Jy,9,48,21,29,77,8.56,1,1,,17,17,13,1,19,10,6,,40,39,3,2,19,4,,52.2,4/0,Gold Coast 
47,Oea  Hewago,8,41,11,30,71,8.88,3,1,,20,1,19,11,14,2,3,,32,35,,1,9,,1,66.1,0/3,Gold Coast 
40,Jeffrey  Joel,7,54,16,13,67,9.57,5,4,,23,15,10,2,10,4,2,,22,37,2,2,11,1,2,64.7,0/1,Gold Coast 
1,Chol  Mabior,8,49,28,12,61,7.63,10,7,25,14,3,13,7,20,4,5,,31,33,5,12,12,,2,75.6,,Gold Coast 
33,Constable  Charlie,2,36,12,9,45,22.5,,,,2,16,5,2,8,1,1,,7,28,,,6,1,,83.5,,Gold Coast 
6,Sexton  Alex,8,29,14,14,43,5.38,5,4,,5,4,9,,9,2,5,,11,33,,4,2,2,3,50.9,5/0,Gold Coast 
16,Berry  Tom,6,24,10,16,40,6.67,,2,,19,1,11,2,11,4,6,,19,23,,3,5,,4,57,1-Feb,Gold Coast 
35,Budarick  Connor,2,29,10,6,35,17.5,,,,5,8,4,1,4,4,2,,6,21,,,4,1,,80,,Gold Coast 
32,Uwland  Bodhi,3,19,5,6,25,8.33,,,,3,9,2,2,6,2,2,,7,12,,,7,,,54.3,1/0,Gold Coast 
38,Johnston  Lloyd,2,16,4,8,24,12,,,,3,2,3,,4,,,,9,12,1,,5,,,60,0/1,Gold Coast 
12,Day  Sam,3,13,10,6,19,6.33,1,1,2,5,,3,,5,1,2,,11,8,5,4,4,,,71,0/1,Gold Coast 
21,Tsitas  James,4,10,8,9,19,4.75,3,,,4,1,3,,2,,1,,5,14,,2,,,1,27,4/0,Gold Coast 
49,Moyle  Ned,2,6,,3,9,4.5,,,53,10,2,2,3,3,,3,,7,2,,,3,,,77.5,,Gold Coast 
29,Burgess  Chris,1,3,1,2,5,5,,2,3,,,1,,,1,,,3,2,,,2,,1,79,,Gold Coast 
3,Coniglio  Stephen,25,397,80,310,707,28.28,15,16,,116,29,120,135,106,23,32,10,244,444,1,11,26,9,21,82.7,,Gold Coast 
12,Green  Tom,22,312,75,393,705,32.05,9,1,,111,48,100,134,114,15,23,16,329,374,1,6,16,3,10,85.5,,Gold Coast 
6,Whitfield  Lachie,24,407,139,240,647,26.96,1,1,,57,132,72,18,81,15,23,5,147,402,6,2,44,9,7,79.8,,Gold Coast 
7,Ash  Lachie,26,403,140,220,623,23.96,2,1,,40,139,57,18,83,8,15,,110,447,5,2,51,43,5,81.2,,Gold Coast 
22,Kelly  Josh,22,286,64,306,592,26.91,16,8,,97,34,102,89,79,18,13,8,237,356,1,6,25,7,7,83.7,,Gold Coast 
8,Ward  Callan,25,243,71,248,491,19.64,11,12,,70,31,83,86,71,27,19,3,195,300,5,11,24,4,15,73.9,2-Jan,Gold Coast 
27,Himmelberg  Harry,25,291,121,165,456,18.24,12,7,21,44,115,50,27,65,15,25,,129,277,16,11,91,10,13,80.8,,Gold Coast 
39,Idun  Connor,26,225,142,220,445,17.12,,,,48,98,23,5,38,16,9,1,152,295,8,,149,11,1,88.7,,Gold Coast 
17,Callaghan  Finn,21,208,97,228,436,20.76,3,3,,42,34,67,29,47,4,10,,101,338,2,3,13,8,13,80.6,,Gold Coast 
4,Greene  Toby,24,289,106,137,426,17.75,66,35,,60,3,120,41,103,30,28,20,184,237,15,46,27,1,26,90.3,0/2,Gold Coast 
36,Perryman  Harry,22,224,66,164,388,17.64,3,3,,92,64,48,32,66,13,19,,146,244,3,1,65,1,7,74.9,0/1,Gold Coast 
44,Buckley  Jack,26,198,114,143,341,13.12,,,,79,69,21,5,50,18,15,,152,193,18,1,228,5,2,93.3,,Gold Coast 
16,Daniels  Brent,20,196,54,140,336,16.8,26,14,,66,6,72,39,60,19,13,,137,194,1,19,13,7,19,80.4,0/1,Gold Coast 
13,Cumming  Isaac,20,231,83,103,334,16.7,6,,,49,66,39,18,51,9,11,,78,202,5,5,54,10,3,79.2,0/1,Gold Coast 
19,Haynes  Nick,20,214,125,101,315,15.75,2,2,,15,66,22,11,31,5,7,,83,231,13,3,58,14,1,67.4,4-Mar,Gold Coast 
23,Hogan  Jesse,23,182,141,119,301,13.09,49,28,20,40,2,38,6,58,20,12,3,154,151,45,70,41,,9,86.5,,Gold Coast 
38,Lloyd  Daniel,23,162,67,135,297,12.91,12,15,,70,13,50,9,44,7,7,,125,175,4,12,22,4,13,82.3,0/1,Gold Coast 
32,Briggs  Kieren,17,165,47,97,262,15.41,4,6,440,77,30,64,110,58,22,21,,181,74,12,4,60,,7,75.6,,Gold Coast 
14,Bedford  Toby,19,105,44,145,250,13.16,12,16,,97,6,45,36,42,15,12,,106,142,2,15,16,1,11,82.4,,Gold Coast 
15,Taylor  Sam,18,118,93,120,238,13.22,,,,38,50,10,3,29,26,14,3,143,96,36,,147,,1,93.4,0/1,Gold Coast 
46,Brown  Callum,19,118,77,83,201,10.58,19,14,12,32,11,35,7,30,11,6,,81,125,19,21,33,3,10,77.2,0/2,Gold Coast 
26,Riccardi  Jake,21,146,84,52,198,9.43,35,20,16,33,3,37,6,51,8,17,2,62,132,14,46,39,,9,72.1,0/1,Gold Coast 
33,OHalloran  Xavier,15,103,31,83,186,12.4,11,8,,43,6,47,7,48,10,13,,77,118,3,8,18,,5,72.4,2/0,Gold Coast 
9,Angwin  Ryan,15,62,31,84,146,9.73,1,1,,33,9,25,13,20,4,2,,52,100,1,5,18,4,5,62,3-Jan,Gold Coast 
20,Peatling  James,10,64,26,45,109,10.9,,6,,30,6,21,5,20,8,4,,45,67,3,3,13,2,4,71.4,1-Jan,Gold Coast 
30,Flynn  Matt,9,47,15,59,106,11.78,1,2,256,30,10,19,33,21,13,12,,67,37,2,4,36,,1,77.4,,Gold Coast 
25,Keeffe  Lachlan,14,43,28,46,89,6.36,1,3,94,20,4,13,7,23,4,9,,50,47,7,2,43,,6,67.6,0/1,Gold Coast 
43,Hamilton  Cooper,4,27,12,30,57,14.25,1,1,,3,4,6,1,13,4,4,,17,39,1,1,6,,2,63.3,1-Jan,Gold Coast 
5,Cadman  Aaron,12,35,19,19,54,4.5,6,4,,19,,9,,22,2,8,,32,25,6,9,7,,1,60.9,0/4,Gold Coast 
34,Fahey  Josh,7,38,15,14,52,7.43,4,2,,6,6,12,1,13,2,1,,10,42,,2,2,,2,42.4,4/0,Gold Coast 
24,Rowston  Harry,7,28,11,21,49,7,1,2,,10,4,10,5,8,2,1,,20,29,1,,4,,,45,3/0,Gold Coast 
40,Kennedy  Adam,5,22,8,14,36,7.2,,,,5,1,6,1,4,4,4,,13,25,,1,6,2,4,59.4,2-Jan,Gold Coast 
10,Wehr  Jacob,4,13,7,13,26,6.5,,,,9,4,4,3,6,2,3,,6,22,1,,1,,,57.3,1-Jan,Gold Coast 
29,Fleeton  Cameron,2,8,3,9,17,8.5,,,,5,2,1,,3,1,,,8,9,1,,8,,,81,,Gold Coast 
31,McMullin  Toby,3,10,3,4,14,4.67,1,2,,6,,2,1,6,1,1,,5,10,,,2,1,1,50.3,1-Jan,Gold Coast 
18,Stone  Conor,3,7,2,4,11,3.67,,,,5,1,3,,4,1,1,,5,9,,,3,,1,43.3,2-Jan,Gold Coast 
5,Worpel  James,23,286,52,314,600,26.09,10,9,,92,25,118,149,97,22,39,11,285,333,2,6,19,3,8,77.7,,Hawthorn
3,Newcombe  Jai,22,244,100,309,553,25.14,12,8,,94,31,97,122,88,37,30,18,249,320,8,6,23,8,14,80.7,,Hawthorn
11,Nash  Conor,23,213,60,339,552,24,1,5,1,110,33,76,109,76,19,27,,212,347,1,1,32,4,11,77.8,1/0,Hawthorn
12,Day  Will,21,262,122,275,537,25.57,6,6,,73,39,92,89,68,23,19,8,197,335,9,8,34,13,8,81.1,,Hawthorn
6,Sicily  James,19,324,189,177,501,26.37,2,4,,29,115,34,11,78,21,20,12,154,301,35,,88,15,5,94.7,,Hawthorn
10,Amon  Karl,21,326,113,160,486,23.14,9,2,,37,75,87,24,59,9,9,2,78,399,2,4,23,7,13,82.5,,Hawthorn
13,Moore  Dylan,23,254,107,226,480,20.87,17,19,,91,19,78,31,52,32,9,1,163,328,4,13,27,5,15,87.6,,Hawthorn
15,Hardwick  Blake,23,314,147,153,467,20.3,2,1,,45,126,25,10,48,8,9,,112,284,11,5,76,21,1,86.8,,Hawthorn
4,Impey  Jarman,22,299,120,162,461,20.95,3,4,,48,62,50,12,51,18,13,,106,346,6,,33,16,4,79.5,0/1,Hawthorn
31,Macdonald  Connor,21,209,84,154,363,17.29,12,15,,54,14,54,16,34,13,6,,112,258,2,9,11,5,8,75.4,2/0,Hawthorn
25,Ward  Josh,16,181,76,151,332,20.75,2,3,,31,31,31,32,32,10,8,,85,252,1,2,9,1,6,78,,Hawthorn
37,Weddle  Josh,17,135,87,159,294,17.29,4,,,23,38,36,8,34,5,3,1,80,210,7,1,42,27,2,83.2,,Hawthorn
14,Scrimshaw  Jack,16,157,85,119,276,17.25,4,1,,26,45,16,5,33,7,12,,77,189,11,3,50,27,1,76.4,2/0,Hawthorn
1,Morrison  Harry,13,163,69,78,241,18.54,2,2,,36,30,33,12,38,5,7,,64,172,,3,9,2,4,77.3,1/0,Hawthorn
40,Mitchell  Seamus,14,131,66,102,233,16.64,,1,,25,33,20,1,36,6,7,,54,170,2,,22,14,3,70.9,0/3,Hawthorn
8,Frost  Sam,18,116,75,114,230,12.78,,1,11,36,39,8,6,62,5,23,2,96,136,13,3,71,2,,91.1,,Hawthorn
22,Breust  Luke,21,144,77,81,225,10.71,47,23,,44,2,37,12,54,20,19,1,102,131,12,46,15,1,6,78.7,0/1,Hawthorn
20,Wingard  Chad,14,116,59,82,198,14.14,9,8,,25,6,35,13,35,12,6,,59,138,1,11,9,6,13,66.6,1-Feb,Hawthorn
2,Lewis  Mitch,15,125,85,67,192,12.8,36,20,5,25,,30,2,36,9,12,1,70,119,19,40,26,,10,88.5,,Hawthorn
28,Mackenzie  Cam,14,86,26,100,186,13.29,3,6,,37,6,35,21,30,3,10,,68,127,1,3,4,5,9,63.6,4/0,Hawthorn
16,Bramble  Lachlan,11,120,46,62,182,16.55,1,3,,14,27,23,8,27,3,2,,39,129,2,,9,17,3,68.6,3/0,Hawthorn
7,Reeves  Ned,21,70,31,100,170,8.1,2,2,592,57,8,19,51,55,17,25,,113,62,9,3,54,,,74,0/3,Hawthorn
33,Brockman  Tyler,15,79,50,88,167,11.13,13,8,,34,4,29,2,25,5,6,,53,112,1,20,16,8,10,69.8,0/2,Hawthorn
17,Meek  Lloyd,16,46,36,108,154,9.63,3,2,288,58,17,12,34,36,14,22,,96,70,12,3,41,,4,69.9,1-Feb,Hawthorn
9,Jiath  Changkuoth,8,77,28,59,136,17,1,,,10,22,14,5,31,6,11,,40,93,2,,30,5,2,77.4,,Hawthorn
32,Maginness  Finn,13,65,41,69,134,10.31,1,2,,26,12,15,4,18,3,4,,34,101,,3,4,4,2,81.6,1-Jan,Hawthorn
23,Koschitzke  Jacob,12,56,39,47,103,8.58,9,10,27,27,2,9,4,11,14,2,,60,45,17,22,13,,3,78.8,0/1,Hawthorn
36,Blanck  James,15,50,29,39,89,5.93,,,,23,16,2,2,28,9,17,,45,49,8,,84,,,82.5,1-Jan,Hawthorn
26,Greene  Fergus,11,56,38,33,89,8.09,15,10,,10,,15,2,19,6,7,,32,59,2,23,18,,9,77,0/2,Hawthorn
30,Butler  Sam,8,34,22,49,83,10.38,6,2,,18,2,10,2,13,6,3,,35,52,1,,3,1,5,68.3,2/0,Hawthorn
24,Grainger-Barras  Denver,7,25,19,14,39,5.57,4,1,,3,3,9,,12,5,7,,15,23,3,4,11,,,63.6,1-Jan,Hawthorn
27,Long  Ned,4,14,6,20,34,8.5,1,1,1,16,2,5,2,5,1,2,,12,23,,1,2,1,2,59.8,1/0,Hawthorn
44,Hustwaite  Henry,2,10,5,18,28,14,2,,,8,1,,3,3,3,1,,11,17,1,1,2,,,73,,Hawthorn
42,Macdonald  Bailey,2,13,11,12,25,12.5,,,,2,7,1,1,2,1,,,4,21,1,,,4,,70.5,1/0,Hawthorn
29,Serong  Jai,2,15,8,6,21,10.5,,,,3,2,1,,2,1,,,5,17,,,8,,,50,1/0,Hawthorn
46,Ryan  Brandon,3,15,10,3,18,6,4,1,,3,,4,,8,1,1,,5,13,2,4,,,,62,0/1,Hawthorn
38,Ramsden  Max,2,5,5,9,14,7,,1,14,,1,2,,6,1,1,,7,8,1,2,2,,,64.5,0/1,Hawthorn
18,Lynch  Max,1,,,2,2,2,,,9,1,,1,2,,,,,1,1,,,3,,,34,0/1,Hawthorn
5,Petracca  Christian,25,351,107,344,695,27.8,28,34,1,99,31,147,149,106,23,22,26,350,351,8,30,13,1,26,84,,Melbourne 
7,Viney  Jack,24,315,73,300,615,25.63,8,5,,142,21,127,119,115,36,20,24,286,329,4,7,33,7,16,78.8,,Melbourne 
10,Brayshaw  Angus,24,279,93,269,548,22.83,2,5,,79,51,69,80,63,19,12,4,201,344,3,2,38,3,10,76.8,0/1,Melbourne 
12,Hunter  Lachie,24,308,100,230,538,22.42,6,3,,42,38,89,51,68,22,11,3,173,364,,7,49,2,8,91.1,,Melbourne 
24,Rivers  Trent,25,307,119,190,497,19.88,2,5,,55,100,72,25,66,21,16,,157,318,16,4,53,8,10,76.8,0/1,Melbourne 
15,Langdon  Ed,25,272,93,218,490,19.6,6,10,,54,47,78,45,74,13,9,,160,327,,9,26,5,11,91.3,,Melbourne 
13,Oliver  Clayton,15,224,63,230,454,30.27,6,2,,101,34,82,103,73,23,20,6,219,234,1,3,27,2,8,83.7,,Melbourne 
1,May  Steven,23,321,125,75,396,17.22,,1,,37,149,33,3,56,18,16,3,103,198,29,1,156,8,1,97.3,,Melbourne 
32,Sparrow  Tom,23,213,70,182,395,17.17,11,8,,81,22,68,60,69,15,25,,139,261,2,6,35,1,6,73.8,,Melbourne 
30,Neal-Bullen  Alex,25,228,77,159,387,15.48,19,11,1,118,14,85,22,71,29,14,,154,237,2,11,27,3,14,76.9,,Melbourne 
11,Gawn  Max,22,228,102,144,372,16.91,10,14,565,44,25,75,94,70,29,22,7,246,132,51,16,66,,3,81.1,0/1,Melbourne 
17,Bowey  Jake,23,259,85,112,371,16.13,4,1,,41,82,38,12,38,13,5,,123,203,9,1,30,2,1,73.3,0/2,Melbourne 
8,Lever  Jake,24,194,129,145,339,14.13,,,,25,77,27,4,57,13,25,,133,207,17,,132,1,,98.5,,Melbourne 
41,McVee  Judd,25,192,69,128,320,12.8,,,,34,60,24,6,29,10,7,,114,207,6,1,64,3,4,78.5,,Melbourne 
3,Salem  Christian,16,200,63,106,306,19.13,,,,61,53,41,16,44,10,10,1,93,197,6,,17,1,1,83.7,,Melbourne 
37,Chandler  Kade,23,152,83,122,274,11.91,24,13,,60,6,50,11,32,11,11,2,94,185,4,23,16,,18,72.5,0/1,Melbourne 
36,Pickett  Kysaiah,23,193,58,72,265,11.52,37,30,,93,5,55,29,73,14,26,2,125,138,3,33,31,3,23,83.3,,Melbourne 
6,Grundy  Brodie,17,100,46,143,243,14.29,10,4,349,49,12,46,50,59,29,29,,137,117,14,6,39,7,3,69.9,,Melbourne 
23,Jordon  James,18,113,46,122,235,13.06,4,3,,37,14,43,22,33,12,8,,72,171,,4,7,,5,55,6-Feb,Melbourne 
31,Fritsch  Bayley,17,139,71,52,191,11.24,38,25,,27,1,43,,29,16,11,4,74,120,14,37,20,2,12,82.5,0/1,Melbourne 
2,van Rooyen  Jacob,20,90,62,84,174,8.7,28,9,74,43,,24,7,31,19,16,2,86,95,19,30,42,,7,74,,Melbourne 
35,Petty  Harry,14,78,64,64,142,10.14,12,1,12,31,13,8,2,28,7,15,2,57,88,13,19,48,,,77.9,0/4,Melbourne 
9,Spargo  Charlie,14,92,45,48,140,10,11,6,,26,6,27,,23,8,8,,34,106,2,8,5,2,10,63.6,1-Feb,Melbourne 
14,Hibberd  Michael,12,83,36,50,133,11.08,,,,11,41,6,1,18,9,7,,57,76,5,,53,,1,78.6,2-Feb,Melbourne 
20,Tomlinson  Adam,9,91,39,30,121,13.44,,1,,15,39,8,1,20,8,8,,38,72,3,,47,,,93,0/2,Melbourne 
4,Harmes  James,9,50,13,61,111,12.33,1,5,,31,2,21,16,25,5,10,,47,72,,2,7,2,1,52.7,3/0,Melbourne 
18,Melksham  Jake,13,84,50,19,103,7.92,20,11,,20,1,30,,37,7,8,2,39,63,11,26,12,,5,69.7,4-Jan,Melbourne 
29,Smith  Joel,14,59,37,28,87,6.21,11,4,1,32,5,9,2,16,5,8,,43,48,10,14,46,1,2,65.7,4/0,Melbourne 
25,McDonald  Tom,8,43,24,29,72,9,9,4,10,15,1,11,4,11,4,5,,35,41,7,9,14,,4,74,,Melbourne 
50,Brown  Ben,7,44,26,22,66,9.43,11,4,7,6,2,7,,7,6,2,1,29,36,2,10,14,,5,74.4,0/2,Melbourne 
40,Woewodin  Taj,4,18,8,19,37,9.25,2,1,,7,2,8,3,6,3,2,,14,23,1,1,,,2,66.3,,Melbourne 
16,Laurie  Bailey,5,14,3,22,36,7.2,,1,,6,,6,5,7,1,1,,17,17,,,2,,3,39.4,3-Jan,Melbourne 
42,Turner  Daniel,2,17,7,3,20,10,,,,6,5,,,7,1,3,,5,13,2,,6,,,81,0/1,Melbourne 
19,Schache  Josh,3,7,5,3,10,3.33,1,1,1,2,,3,2,5,1,3,,4,6,1,1,1,,1,31,1/0,Melbourne 
3,Sheezel  Harry,23,357,125,265,622,27.04,3,6,,67,120,67,39,79,10,13,3,157,408,3,4,31,5,11,85,,North Melbourne
8,Scott  Bailey,23,330,120,179,509,22.13,5,5,,60,85,81,35,72,7,7,4,115,378,1,4,23,18,11,85.4,,North Melbourne
7,Ziebell  Jack,22,389,149,99,488,22.18,1,3,,41,132,25,6,63,23,12,2,107,279,12,3,63,1,1,73.9,4/0,North Melbourne
9,Davies-Uniacke  Luke,14,175,52,208,383,27.36,8,6,,63,28,69,94,47,18,19,13,185,213,1,1,9,7,12,81.2,,North Melbourne
11,McDonald  Luke,22,249,119,134,383,17.41,1,,,80,97,32,12,55,16,20,,102,265,8,,77,1,2,86.5,1-Jan,North Melbourne
12,Simpkin  Jy,18,194,48,178,372,20.67,9,4,,71,12,69,76,68,18,26,,158,224,1,5,31,9,5,77.6,0/2,North Melbourne
29,Phillips  Will,16,113,28,188,301,18.81,3,2,,66,17,44,63,39,13,9,1,133,176,2,3,11,3,9,70.3,1-Jan,North Melbourne
13,Tucker  Darcy,18,165,76,128,293,16.28,6,2,,28,37,46,20,45,10,14,,82,218,4,5,15,10,7,73.1,1-Jan,North Melbourne
4,Corr  Aidan,19,206,93,81,287,15.11,1,,,23,89,8,4,38,12,17,,65,182,10,,120,8,,87.1,1/0,North Melbourne
14,Shiels  Liam,16,139,66,144,283,17.69,3,3,,88,21,50,41,47,12,17,,103,180,5,3,20,,4,74.6,1-Jan,North Melbourne
22,Goldstein  Todd,20,99,45,161,260,13,4,2,584,38,23,35,73,56,34,28,,173,97,18,3,70,,9,79.3,0/1,North Melbourne
44,Zurhaar  Cameron,16,159,39,99,258,16.13,20,19,,36,9,75,33,57,20,21,2,114,146,9,9,16,6,15,82.6,,North Melbourne
26,Thomas  Tarryn,12,125,31,110,235,19.58,11,4,,57,17,50,51,34,11,15,5,111,121,2,9,20,6,9,82.8,,North Melbourne
23,McKay  Ben,19,146,113,86,232,12.21,,,,22,37,7,3,36,11,16,,89,143,29,,92,3,,95,,North Melbourne
24,Powell  Tom,14,94,39,136,230,16.43,7,4,,27,10,41,27,43,2,8,,65,167,,3,10,12,5,76.8,1/0,North Melbourne
2,Stephenson  Jaidyn,21,146,75,80,226,10.76,26,10,1,41,9,47,9,40,7,12,,69,160,5,18,13,11,9,78.7,,North Melbourne
5,Taylor  Curtis,16,148,76,73,221,13.81,9,7,,30,15,35,10,37,12,10,,59,168,6,13,15,2,4,82.5,0/1,North Melbourne
20,Larkey  Nick,23,152,97,64,216,9.39,71,24,3,17,1,25,2,39,29,15,7,96,124,26,64,48,4,7,96.3,,North Melbourne
18,Greenwood  Hugh,14,66,29,135,201,14.36,3,4,14,69,3,16,45,37,8,15,,134,72,10,3,23,,4,65.2,3-Jan,North Melbourne
25,Curtis  Paul,21,124,54,75,199,9.48,17,14,,49,5,42,9,53,7,27,,100,103,13,15,23,1,19,73.4,1-Jan,North Melbourne
40,Ford  Eddie,14,92,66,103,195,13.93,12,4,,20,8,26,6,25,7,12,,70,126,9,13,17,1,6,78.4,,North Melbourne
19,Logue  Griffin,15,105,76,82,187,12.47,1,1,22,15,42,7,1,27,6,8,,71,117,15,2,79,7,,88.2,0/1,North Melbourne
10,Cunnington  Ben,9,62,20,116,178,19.78,3,2,,23,6,21,48,30,7,10,,102,85,1,2,3,,4,66.2,0/2,North Melbourne
15,Howe  Daniel,11,107,40,53,160,14.55,2,1,,24,23,24,17,30,7,8,,45,117,2,2,23,4,1,68.5,4/0,North Melbourne
31,Goater  Josh,10,79,46,61,140,14,,1,,13,25,12,6,17,7,4,,34,107,,1,18,7,3,75.2,0/1,North Melbourne
43,Hall  Aaron,6,103,35,37,140,23.33,,,,18,21,21,4,14,2,3,,27,98,1,,6,,1,82.5,,North Melbourne
27,Bergman  Miller,12,86,42,51,137,11.42,,,,13,22,13,4,17,7,2,,33,107,1,,20,1,4,71.4,1-Jan,North Melbourne
6,Wardlaw  George,8,58,18,59,117,14.63,1,1,,46,9,10,33,26,13,10,2,59,67,1,3,7,,2,59.5,0/1,North Melbourne
28,Turner  Kayne,12,60,36,55,115,9.58,2,2,,37,3,18,6,12,4,2,,45,69,2,3,18,1,6,75.6,,North Melbourne
38,Xerri  Tristan,9,30,9,73,103,11.44,3,,229,26,6,10,26,24,13,11,,73,30,2,2,30,,1,70.1,0/1,North Melbourne
21,Coleman-Jones  Callum,9,41,27,41,82,9.11,4,3,64,23,3,11,12,30,5,7,,43,42,11,8,15,,4,75,,North Melbourne
30,Comben  Charlie,7,28,17,27,55,7.86,4,8,21,21,1,2,4,22,7,15,,31,28,4,9,16,1,3,73,0/1,North Melbourne
35,Lazzaro  Charlie,6,15,6,38,53,8.83,,,,18,1,7,6,6,1,4,,22,32,,,1,,3,50.5,2/0,North Melbourne
39,Perez  Flynn,5,32,17,21,53,10.6,1,,,9,10,6,,14,2,2,,10,40,,,11,,,74.2,,North Melbourne
17,Young  Lachie,4,26,16,26,52,13,,1,,12,9,7,,12,2,2,,17,34,2,,18,,,83.3,,North Melbourne
34,Archer  Jackson,5,24,12,18,42,8.4,,,,8,8,1,1,12,6,6,,12,32,1,,7,,,66.2,0/1,North Melbourne
36,Spicer  Phoenix,6,18,6,21,39,6.5,1,2,,23,1,5,2,7,4,1,,17,23,,,7,3,1,59.3,1-Feb,North Melbourne
41,Drury  Blake,4,14,5,15,29,7.25,,2,,5,1,2,1,6,2,2,,9,19,,1,1,,1,59.3,1-Jan,North Melbourne
37,Harvey  Cooper,3,17,11,11,28,9.33,1,,,6,,4,,7,1,1,,11,15,7,1,3,,1,76.7,,North Melbourne
1,Mahony  Jack,2,12,8,13,25,12.5,,,,3,4,4,1,3,,1,,4,20,,1,3,,,64.5,,North Melbourne
16,Bonar  Aiden,2,7,7,17,24,12,,,,4,,,,3,,2,,10,14,1,,7,1,,86.5,,North Melbourne
42,Dawson  Kallan,1,6,3,3,9,9,,,,1,2,1,,1,,1,,2,6,1,,2,,,83,,North Melbourne
46,Hansen  Robert,2,4,1,4,8,4,,2,,4,,1,1,1,,1,,2,6,,,1,,,48,0/1,North Melbourne
9,Butters  Zak,25,361,126,326,687,27.48,13,8,,86,39,131,110,82,35,26,27,258,427,6,6,26,40,15,78.5,,Port Adelaide
20,Rozee  Connor,25,390,117,254,644,25.76,21,18,,117,33,147,94,94,33,29,21,212,430,7,12,30,4,16,84.1,,Port Adelaide
5,Houston  Dan,25,389,143,195,584,23.36,9,5,,85,91,113,71,77,18,23,7,200,362,14,5,78,4,11,82.1,,Port Adelaide
16,Wines  Ollie,25,201,84,342,543,21.72,6,5,1,85,30,84,92,74,30,24,,227,304,2,6,29,,11,72.8,,Port Adelaide
28,Drew  Willem,25,203,62,231,434,17.36,5,9,1,166,25,87,109,62,20,22,,217,220,1,5,46,2,11,77.2,,Port Adelaide
18,Horne-Francis  Jason,24,268,78,154,422,17.58,16,12,,69,29,90,115,99,34,46,16,215,216,9,13,16,13,14,76.4,,Port Adelaide
6,Farrell  Kane,22,281,82,79,360,16.36,2,3,,42,90,58,14,39,9,14,,86,223,3,3,43,28,4,82.3,,Port Adelaide
2,Powell-Pepper  Sam,25,202,64,141,343,13.72,31,31,,78,10,59,38,87,21,39,2,160,176,7,23,29,1,14,85.9,,Port Adelaide
3,Burton  Ryan,22,278,80,58,336,15.27,8,6,,46,100,47,9,48,19,17,,86,179,5,5,60,1,4,79,1-Jan,Port Adelaide
10,Boak  Travis,21,173,60,162,335,15.95,7,6,,58,28,52,40,46,13,9,,128,200,3,6,13,2,6,70.1,4-Jan,Port Adelaide
14,Bergman  Miles,24,225,115,106,331,13.79,3,8,,57,79,50,29,66,19,18,,140,201,15,3,66,4,6,81.8,,Port Adelaide
23,Williams  Dylan,21,247,101,65,312,14.86,,1,,16,100,44,9,41,8,8,,84,183,15,1,38,5,2,69.8,3/0,Port Adelaide
33,Byrne-Jones  Darcy,23,192,68,100,292,12.7,18,17,,66,9,53,10,46,13,10,,113,181,2,18,47,4,21,75.1,1-Feb,Port Adelaide
21,Aliir  Aliir,24,202,121,81,283,11.79,,,,37,80,18,2,69,20,30,3,141,145,35,1,171,2,1,98,,Port Adelaide
11,Finlayson  Jeremy,22,207,102,72,279,12.68,38,38,60,40,12,47,34,54,13,21,6,131,154,25,51,53,4,15,83.4,1/0,Port Adelaide
7,Duursma  Xavier,16,146,67,99,245,15.31,6,1,,44,23,29,25,48,16,8,,99,146,5,3,15,7,5,75.6,0/2,Port Adelaide
41,McEntee  Jed,22,99,48,108,207,9.41,14,3,,64,4,44,7,44,10,21,,87,123,2,13,21,,11,76,,Port Adelaide
15,Rioli  Willie,19,136,52,69,205,10.79,31,17,,47,4,39,12,36,15,17,,91,115,6,18,24,1,17,81.3,0/1,Port Adelaide
4,Marshall  Todd,21,155,103,41,196,9.33,36,16,,48,3,29,1,49,16,12,1,78,120,22,61,35,1,15,78,0/2,Port Adelaide
12,McKenzie  Trent,19,147,74,28,175,9.21,,,,21,52,18,2,27,5,13,,49,98,16,,80,1,1,82.1,0/2,Port Adelaide
22,Dixon  Charlie,14,105,67,67,172,12.29,23,12,104,30,4,30,19,45,10,20,3,118,64,36,31,33,,5,93.9,,Port Adelaide
34,Jones  Lachie,15,94,45,66,160,10.67,4,1,3,25,35,19,5,30,6,5,,75,89,10,2,64,1,3,79.9,0/1,Port Adelaide
29,Lycett  Scott,14,49,14,100,149,10.64,,1,346,52,7,22,56,45,26,26,,98,56,1,2,33,,5,69.1,0/4,Port Adelaide
26,Bonner  Riley,11,100,37,42,142,12.91,2,7,,16,19,22,11,13,1,5,,36,105,,5,5,2,2,65.2,3/0,Port Adelaide
1,Jonas  Tom,13,63,44,36,99,7.62,1,,,19,25,6,2,25,9,8,,34,69,2,,84,,,89,0/1,Port Adelaide
30,Lord  Ollie,13,47,31,48,95,7.31,15,10,17,20,,10,2,30,10,18,,57,42,13,18,46,,4,82.6,,Port Adelaide
31,Evans  Francis,10,51,20,24,75,7.5,10,4,,16,,14,5,12,4,1,,36,41,2,4,6,1,6,50,4/0,Port Adelaide
44,Mead  Jackson,7,32,12,20,52,7.43,2,1,,18,1,16,6,11,3,3,,20,33,2,2,10,,1,56.4,4-Jan,Port Adelaide
36,Burgoyne  Jase,5,27,13,17,44,8.8,,,,6,4,8,1,3,1,,,13,32,,,8,,1,64,1-Jan,Port Adelaide
27,Teakle  Brynn,4,16,5,25,41,10.25,1,2,83,14,5,6,7,18,5,10,,23,17,1,,7,,1,82,,Port Adelaide
25,Hayes  Sam,4,13,6,22,35,8.75,,,74,9,2,5,7,8,3,4,,21,15,1,,10,,1,64.8,0/2,Port Adelaide
47,Narkle  Quinton,3,18,7,14,32,10.67,4,1,,4,2,6,,8,1,3,,8,25,,3,4,2,,66,1/0,Port Adelaide
19,Georgiades  Mitch,2,18,12,9,27,13.5,2,5,,2,,4,,7,2,4,,9,19,1,6,,,1,80.5,,Port Adelaide
13,Fantasia  Orazio,3,13,5,10,23,7.67,2,5,,5,,5,,3,2,,,5,17,,2,,,1,52,1-Jan,Port Adelaide
38,Visentini  Dante,3,10,2,12,22,7.33,,,51,7,,2,12,12,4,8,,15,5,,,8,,,68.7,0/1,Port Adelaide
8,Sinn  Josh,3,10,5,6,16,5.33,,1,,1,2,2,1,6,,1,,8,9,1,,2,,1,43.7,1-Feb,Port Adelaide
17,Clurey  Tom,1,2,1,1,3,3,,,,2,4,,1,1,,1,,2,,1,,7,,,93,,Port Adelaide
14,Taranto  Tim,23,337,79,325,662,28.78,19,14,,154,52,80,142,121,13,23,19,285,360,2,18,19,2,8,84.3,,Richmond 
29,Bolton  Shai,23,315,79,185,500,21.74,31,29,,70,19,125,93,87,19,23,14,223,283,12,25,39,29,19,86.5,,Richmond 
17,Rioli  Daniel,23,272,97,204,476,20.7,4,4,,79,73,46,18,55,18,10,5,130,295,7,3,27,50,10,83.3,,Richmond 
4,Martin  Dustin,20,280,94,192,472,23.6,25,22,,38,7,100,56,70,11,14,8,195,268,22,30,27,9,15,84.8,0/1,Richmond 
3,Prestia  Dion,20,211,63,228,439,21.95,8,3,,56,35,60,77,68,9,15,6,168,280,,11,25,1,13,79.4,,Richmond 
7,Baker  Liam,23,258,85,180,438,19.04,12,14,,51,57,57,19,88,14,29,3,159,268,2,16,46,10,13,83.1,,Richmond 
1,Vlastuin  Nick,21,283,144,111,394,18.76,2,1,,53,116,20,9,50,19,14,,116,225,17,2,84,1,1,89.8,,Richmond 
15,Short  Jayden,16,279,100,77,356,22.25,7,4,,40,73,55,24,39,10,9,,83,256,4,1,12,15,6,76,0/1,Richmond 
5,Ross  Jack,19,185,100,161,346,18.21,8,4,,35,45,53,32,40,9,6,,108,240,4,13,25,7,9,78.2,2/0,Richmond 
22,Hopper  Jacob,16,162,55,180,342,21.38,7,4,,64,24,67,68,58,18,13,1,133,210,1,5,9,1,12,70.1,0/2,Richmond 
21,Balta  Noah,23,271,147,68,339,14.74,3,3,8,28,121,36,1,74,16,20,6,131,192,47,8,103,19,1,90.7,,Richmond 
33,McIntosh  Kamdyn,22,223,93,94,317,14.41,6,6,,45,44,52,14,77,7,17,,83,222,9,7,47,1,5,83.5,,Richmond 
9,Cotchin  Trent,19,161,53,150,311,16.37,7,8,,45,16,50,50,52,10,13,2,139,168,4,8,16,,7,68.5,1-Jan,Richmond 
35,Broad  Nathan,19,192,101,113,305,16.05,2,,,45,67,20,3,41,13,13,1,83,211,14,,105,9,3,90.4,,Richmond 
34,Graham  Jack,20,147,45,156,303,15.15,9,7,,77,18,54,27,47,10,16,,104,205,,8,14,5,12,79.2,0/1,Richmond 
50,Pickett  Marlion,21,130,54,142,272,12.95,8,4,3,55,13,58,17,67,15,24,,128,163,5,9,39,3,10,77.9,0/2,Richmond 
25,Nankervis  Toby,15,130,37,121,251,16.73,3,4,487,82,23,24,65,63,23,23,,135,95,4,2,65,,2,80.3,,Richmond 
2,Grimes  Dylan,22,121,52,77,198,9,,,,48,42,10,4,50,24,24,,92,91,6,,113,1,1,79.3,,Richmond 
8,Riewoldt  Jack,21,139,94,49,188,8.95,32,28,2,43,1,30,5,51,11,16,,96,91,33,58,43,,6,87,,Richmond 
45,Young  Tylar,19,129,55,48,177,9.32,,,,23,69,16,3,47,9,16,,76,90,13,,148,,,88.5,0/2,Richmond 
13,Ralphsmith  Hugo,13,77,43,66,143,11,1,2,,6,16,25,5,30,,6,,43,91,3,1,15,3,4,56.8,5/0,Richmond 
31,Mansell  Rhyan,17,94,40,38,132,7.76,10,5,,43,6,30,4,25,13,9,,48,85,1,8,22,,2,60,5-Jan,Richmond 
42,Clarke  Judson,13,68,26,47,115,8.85,11,3,,18,5,29,8,19,5,2,,47,74,2,5,7,5,1,58,4/0,Richmond 
32,Ryan  Samson,14,66,40,33,99,7.07,12,5,171,11,10,20,16,26,7,10,,50,49,11,15,23,,2,69.5,0/3,Richmond 
46,Miller  Ben,13,49,31,46,95,7.31,6,3,115,28,6,15,10,22,7,5,,51,52,6,10,53,1,6,73.6,0/2,Richmond 
41,Banks  Sam,6,55,17,27,82,13.67,1,2,,8,20,9,3,13,3,1,,19,56,1,1,11,,1,76.7,,Richmond 
20,Soldo  Ivan,8,47,31,31,78,9.75,7,5,182,30,9,13,21,20,14,10,,46,34,7,11,14,,3,69.3,0/1,Richmond 
38,Cumberland  Noah,9,49,23,23,72,8,8,8,,23,,17,2,38,12,11,,35,37,5,10,5,1,3,62.1,2-Jan,Richmond 
27,Dow  Thomson,4,27,10,43,70,17.5,,2,,8,3,11,15,14,4,5,,30,39,1,2,2,,1,69.3,0/1,Richmond 
10,Rioli  Maurice,10,40,14,22,62,6.2,2,5,,21,2,8,3,14,5,5,,24,44,,3,8,4,5,60,2-Feb,Richmond 
19,Lynch  Tom,4,26,18,8,34,8.5,9,6,1,5,,4,3,14,2,8,,24,13,10,11,12,,1,88.3,,Richmond 
40,Sonsie  Tyler,3,16,4,18,34,11.33,,,,4,2,4,1,9,1,2,,12,23,,,3,,,65.3,0/1,Richmond 
26,Coulthard  Matthew,4,18,7,11,29,7.25,1,2,,6,1,7,4,3,4,,,13,18,,1,2,2,1,49.5,2/0,Richmond 
43,Bauer  Jacob,4,14,8,4,18,4.5,4,,,2,,3,,8,1,4,,4,15,2,3,3,,,60,0/1,Richmond 
36,Trezise  James,1,13,3,4,17,17,,,,5,5,3,,1,1,,,4,9,,,9,1,,82,,Richmond 
30,Brown  Tom,1,12,6,4,16,16,,,,,4,2,,2,,,,6,10,,,1,,,81,,Richmond 
35,Sinclair  Jack,24,470,119,223,693,28.88,6,3,,49,112,78,68,76,15,4,21,194,403,2,3,35,16,9,83.6,,St Kilda
5,Crouch  Brad,24,292,90,359,651,27.13,8,6,,142,33,79,131,106,25,22,18,283,362,1,6,24,3,10,78.5,,St Kilda
7,Wanganeen-Milera  Nasiah,24,419,150,144,563,23.46,4,2,,49,103,51,7,69,11,11,4,112,362,6,2,37,24,4,82.1,,St Kilda
32,Wood  Mason,24,332,161,180,512,21.33,15,11,,64,40,75,35,78,26,18,1,173,347,21,17,66,4,17,86.9,,St Kilda
9,Steele  Jack,21,227,86,272,499,23.76,4,3,,150,27,89,97,79,27,22,15,226,282,4,7,36,1,8,79.5,,St Kilda
19,Marshall  Rowan,24,314,126,179,493,20.54,8,8,639,115,41,80,121,83,44,25,3,275,218,35,14,63,,4,84.5,0/1,St Kilda
44,Wilkie  Callum,24,329,207,145,474,19.75,,1,,50,117,15,1,65,18,23,2,133,330,28,1,143,9,2,99.4,,St Kilda
8,Hill  Bradley,22,271,103,184,455,20.68,6,5,,43,45,68,17,64,13,14,,89,368,,6,24,21,12,83.3,0/1,St Kilda
4,Gresham  Jade,23,229,87,175,404,17.57,21,16,,74,11,79,35,87,17,18,,149,241,5,24,16,7,12,81.2,1-Jan,St Kilda
14,Stocker  Liam,23,239,145,153,392,17.04,,2,,39,83,26,7,48,14,13,,100,271,9,,47,1,,72.3,2/0,St Kilda
11,Clark  Hunter,19,185,54,161,346,18.21,4,2,,68,16,50,52,64,16,22,,143,202,3,1,17,,5,58.1,3-Jan,St Kilda
10,Owens  Mitch,23,187,83,159,346,15.04,26,16,49,87,12,66,37,55,39,14,,194,166,23,15,45,9,10,82.6,0/1,St Kilda
13,Byrnes  Ryan,20,184,68,151,335,16.75,5,4,,42,37,46,22,49,10,10,,105,238,1,5,20,10,9,77.8,2-Feb,St Kilda
26,Battle  Josh,23,216,146,112,328,14.26,1,,,39,74,21,4,59,14,18,,101,217,23,,81,2,2,86.1,0/2,St Kilda
6,Ross  Sebastian,17,190,42,137,327,19.24,1,1,,61,23,68,63,47,13,11,,137,195,2,1,32,10,8,66.5,0/1,St Kilda
25,Phillipou  Mattaes,24,124,69,180,304,12.67,13,8,,54,6,56,26,57,16,11,1,133,175,9,11,16,2,9,75,0/2,St Kilda
17,Windhager  Marcus,19,156,74,148,304,16,2,5,,48,25,34,18,33,11,7,,83,225,1,4,12,3,2,69.1,3/0,St Kilda
22,Higgins  Jack,22,163,82,130,293,13.32,36,25,,43,6,32,7,45,25,14,3,115,182,5,40,18,2,12,79.1,,St Kilda
16,Butler  Dan,24,176,49,83,259,10.79,33,13,,101,12,56,10,71,24,24,,94,165,4,16,21,7,11,77.2,0/1,St Kilda
29,Webster  Jimmy,17,159,94,99,258,15.18,,,,31,43,18,5,27,8,11,,70,181,4,,48,3,1,75.8,,St Kilda
20,Howard  Dougal,18,150,99,81,231,12.83,,1,,15,36,7,2,32,8,9,,73,152,10,,147,,,94.1,0/1,St Kilda
33,Paton  Ben,12,92,53,70,162,13.5,,,,18,21,14,4,18,9,1,,44,117,3,,17,2,1,66.1,3/0,St Kilda
47,Caminiti  Anthony,18,78,60,74,152,8.44,19,9,26,50,1,32,4,42,14,19,,76,76,15,22,15,1,9,77.9,0/2,St Kilda
43,Sharman  Cooper,16,97,57,49,146,9.13,15,5,3,23,11,34,8,26,9,5,,67,79,14,17,40,,6,67,5-Jan,St Kilda
12,King  Max,11,73,48,30,103,9.36,28,12,3,10,,19,3,22,11,11,5,55,47,19,27,4,,6,76.8,0/1,St Kilda
21,Cordy  Zaine,14,59,43,43,102,7.29,7,,34,18,13,11,2,18,5,7,,41,68,4,8,46,,5,69.2,0/4,St Kilda
28,Membrey  Tim,7,53,36,24,77,11,6,8,2,6,1,16,,8,2,2,,28,51,3,13,10,,3,80.7,0/1,St Kilda
3,Jones  Zak,4,26,9,34,60,15,,2,,11,1,12,13,5,2,1,,20,40,,,4,,1,54.3,0/1,St Kilda
23,Bytel  Jack,6,25,15,23,48,8,1,1,,11,4,4,7,11,2,4,,19,30,,2,2,1,,35.8,4/0,St Kilda
15,Billings  Jack,3,22,13,23,45,15,1,3,,6,2,8,2,5,1,1,,13,32,,2,3,,2,77.7,1/0,St Kilda
45,Peris  Jack,1,5,3,8,13,13,,,,4,,3,,,1,,,6,9,,,1,,,61,,St Kilda
18,Hayes  Jack,1,2,4,6,8,8,1,,3,2,,3,2,3,2,2,,6,5,1,1,2,,1,80,,St Kilda
21,Gulden  Errol,24,464,126,179,643,26.79,22,20,,119,72,147,93,109,40,34,27,236,404,3,10,25,9,15,88.2,,Sydney 
26,Parker  Luke,23,269,86,274,543,23.61,9,5,,114,26,73,128,79,29,26,10,255,286,7,8,31,2,16,84.3,,Sydney 
44,Lloyd  Jake,23,372,138,163,535,23.26,3,1,,54,125,63,19,40,13,9,,107,344,3,,46,9,7,82.1,0/1,Sydney 
1,Warner  Chad,21,309,65,209,518,24.67,15,15,,90,39,121,94,90,22,28,16,221,309,2,2,22,17,11,81.9,,Sydney 
22,Blakey  Nick,24,318,98,175,493,20.54,2,1,,32,127,50,2,64,21,14,5,113,289,12,1,145,56,4,78.3,0/1,Sydney 
13,Florent  Oliver,24,272,95,205,477,19.88,5,1,,45,92,56,27,68,11,19,,135,302,2,4,23,16,7,86.3,,Sydney 
8,Rowbottom  James,24,238,27,192,430,17.92,6,6,,176,40,76,112,89,32,28,,245,191,,,25,,10,75.7,,Sydney 
14,Mills  Callum,20,207,95,196,403,20.15,7,5,,88,35,55,40,53,13,8,3,141,261,7,6,30,1,8,79.2,0/2,Sydney 
16,Campbell  Braeden,23,238,99,123,361,15.7,8,9,,63,49,58,26,61,13,19,,121,245,6,7,34,3,6,79.5,,Sydney 
5,Heeney  Isaac,23,214,110,143,357,15.52,30,19,,99,14,55,41,70,19,15,2,194,165,24,31,28,5,14,84.6,,Sydney 
11,Papley  Tom,23,254,74,90,344,14.96,37,24,,42,5,91,68,86,23,23,4,159,193,8,33,27,7,21,83.7,0/1,Sydney 
27,McInerney  Justin,19,183,87,142,325,17.11,13,5,,42,25,45,20,39,16,12,,88,234,3,15,32,3,5,78.9,,Sydney 
7,Cunningham  Harry,24,171,85,148,319,13.29,3,2,,68,61,22,16,33,10,15,,91,232,3,3,45,6,5,86.3,,Sydney 
42,Fox  Robbie,20,152,61,151,303,15.15,2,3,2,39,56,18,8,52,11,19,,114,189,9,3,67,4,2,80.8,3/0,Sydney 
2,McLean  Hayden,22,150,97,121,271,12.32,21,14,213,55,14,42,28,58,15,28,1,135,137,33,25,76,,12,79.5,,Sydney 
9,Hayward  Will,23,177,99,92,269,11.7,25,19,,72,11,43,6,44,20,11,1,115,154,19,23,27,,13,83.2,,Sydney 
24,Rampe  Dane,15,140,62,93,233,15.53,,,,33,50,17,2,28,7,12,1,67,157,2,,85,1,,88.9,,Sydney 
6,McDonald  Logan,20,131,84,63,194,9.7,32,15,5,31,,36,3,27,13,7,1,81,109,15,31,25,,9,77.3,0/1,Sydney 
30,McCartin  Tom,15,89,60,100,189,12.6,,,,21,37,7,2,24,12,10,,90,99,17,,136,3,,87,0/1,Sydney 
3,Stephens  Dylan,13,113,37,63,176,13.54,3,3,,32,20,26,12,33,13,8,,70,114,1,3,16,1,4,68.8,2-Jan,Sydney 
31,Hickey  Tom,12,62,26,84,146,12.17,,3,284,29,8,27,39,36,15,22,,95,57,7,2,34,,4,73.7,,Sydney 
10,Francis  Aaron,15,88,61,53,141,9.4,1,4,,19,32,7,,35,14,10,,57,84,14,6,79,,2,73.1,2/0,Sydney 
19,Ladhams  Peter,9,75,29,62,137,15.22,4,1,182,18,8,29,37,42,13,14,,68,68,3,4,24,,3,71.2,0/2,Sydney 
4,Clarke  Ryan,16,51,24,72,123,7.69,5,3,,32,2,10,4,27,5,10,,45,81,,4,6,,4,55,5/0,Sydney 
23,Franklin  Lance,13,84,53,38,122,9.38,19,13,,29,,21,2,49,18,27,,60,69,22,27,25,1,8,84.6,0/1,Sydney 
36,Amartey  Joel,15,78,58,39,117,7.8,20,15,46,25,2,26,7,18,12,6,4,61,62,18,28,18,,7,60.5,1-May,Sydney 
15,Wicks  Sam,11,65,19,52,117,10.64,10,9,,59,2,21,8,20,4,10,,44,62,,5,9,,11,81.4,,Sydney 
29,Sheldrick  Angus,7,49,19,58,107,15.29,3,3,,24,7,20,19,15,6,2,,44,64,2,1,3,1,1,53,1-Jan,Sydney 
43,Melican  Lewis,8,47,19,33,80,10,,,,19,20,4,1,13,6,5,,36,45,2,,50,,,84.6,0/1,Sydney 
34,Roberts  Matt,6,28,12,13,41,6.83,1,1,,9,4,6,4,4,2,2,,18,24,,,3,,,36,3-Jan,Sydney 
39,McCartin  Paddy,4,30,15,9,39,9.75,,,,3,10,3,,5,1,2,,12,27,1,,17,,,59,,Sydney 
17,Gould  Will,4,17,9,9,26,6.5,,,,5,10,2,1,3,2,2,,7,17,,,18,,,59.8,2/0,Sydney 
46,McAndrew  Lachlan,2,4,2,8,12,6,,1,27,6,2,1,3,2,1,1,,8,2,1,,6,,,54,0/1,Sydney 
37,Warner  Corey,3,6,3,6,12,4,1,,,4,1,2,,1,1,,,2,10,,1,2,,1,44.7,1/0,Sydney 
33,Sheather  Marc,3,5,2,6,11,3.67,1,,,6,,2,,6,1,3,,7,4,2,,2,,,42.7,2-Jan,Sydney 
47,Buller  Jack,1,1,2,1,2,2,,,,2,,,,,,,,,2,,,1,,,55,0/1,Sydney 
11,Kelly  Tim,22,288,75,333,621,28.23,10,6,,104,42,108,130,117,22,29,11,295,325,3,3,17,13,20,82.1,,West Coast
14,Duggan  Liam,22,365,167,159,524,23.82,1,1,,63,104,74,33,77,11,22,,113,357,5,1,40,17,7,84.9,,West Coast
3,Gaff  Andrew,23,210,90,250,460,20,3,4,,66,33,49,33,55,17,18,,128,339,2,9,18,4,6,83.7,1/0,West Coast
23,Witherden  Alex,22,304,117,140,444,20.18,1,,,50,124,30,10,46,21,15,,104,261,2,,66,12,4,83.8,,West Coast
5,Hunt  Jayden,23,283,125,147,430,18.7,7,8,,54,77,60,24,57,8,9,,105,325,2,4,38,14,7,89.4,,West Coast
4,Sheed  Dom,15,184,84,182,366,24.4,5,4,,47,31,34,63,63,14,20,6,122,256,,1,8,1,6,81.1,,West Coast
32,Williams  Bailey,23,130,44,165,295,12.83,5,3,634,79,19,56,97,82,40,37,1,205,107,16,6,47,1,2,81.8,,West Coast
25,Hurn  Shannon,13,202,70,70,272,20.92,,,,25,74,19,4,22,5,7,,46,136,3,,29,8,2,73.9,,West Coast
12,Allen  Oscar,23,170,113,68,238,10.35,53,23,4,37,9,34,4,29,29,11,,99,142,31,52,53,,8,89.7,,West Coast
7,Ginbey  Reuben,17,86,25,147,233,13.71,1,2,,101,22,34,42,53,9,21,,115,127,3,1,22,1,4,69.8,0/2,West Coast
19,Hough  Brady,15,138,85,88,226,15.07,,,,19,29,13,6,19,13,4,,52,170,5,1,24,,1,84.8,,West Coast
31,Jones  Jamaine,13,142,47,84,226,17.38,4,2,,27,34,36,16,37,9,4,3,71,157,,2,8,7,5,71.6,1-Feb,West Coast
21,Petruccelle  Jack,18,114,46,108,222,12.33,10,7,,55,11,48,36,32,12,9,,100,128,2,5,20,11,7,69.8,1/0,West Coast
44,Long  Noah,19,99,46,111,210,11.05,7,10,,48,3,32,19,30,9,9,,94,120,2,7,10,2,11,78.1,,West Coast
27,Darling  Jack,20,129,80,75,204,10.2,26,19,33,51,1,32,12,30,17,13,,94,110,23,30,32,1,8,92.6,0/1,West Coast
13,Shuey  Luke,10,105,20,93,198,19.8,2,2,,48,11,32,44,36,19,20,2,82,119,,,11,8,7,58.4,0/3,West Coast
28,Cole  Tom,12,108,67,86,194,16.17,1,,,29,34,14,5,31,8,12,,54,150,2,1,20,2,1,74.1,1-Jan,West Coast
8,Hewett  Elijah,14,88,28,100,188,13.43,4,7,,24,18,26,34,37,6,11,,84,102,,4,10,,1,63.4,2/0,West Coast
24,ONeill  Xavier,15,100,37,82,182,12.13,4,5,,60,12,34,24,36,12,16,,64,117,1,4,15,,2,75.1,1/0,West Coast
37,Barrass  Tom,14,115,93,66,181,12.93,,,2,6,38,3,,25,8,12,,68,114,25,,133,1,,95.8,,West Coast
10,Petrevski-Seton  Sam,13,94,35,83,177,13.62,3,3,,43,11,19,14,17,6,3,,74,108,2,5,10,,8,73.4,0/1,West Coast
6,Yeo  Elliot,10,115,34,59,174,17.4,1,,,34,40,28,30,27,9,5,,65,86,4,,28,6,1,65.8,1-Jan,West Coast
18,Chesser  Campbell,14,80,33,83,163,11.64,,4,,27,13,20,14,37,5,9,,44,128,1,1,10,2,1,73.1,1-Feb,West Coast
16,Edwards  Luke,14,86,42,73,159,11.36,,,,37,10,12,24,18,9,9,,50,111,,1,9,1,1,69.1,1-Feb,West Coast
2,Waterman  Jake,11,112,71,46,158,14.36,11,9,26,23,8,23,4,30,11,10,2,45,111,7,18,16,,3,87.3,,West Coast
15,Cripps  Jamie,12,88,40,69,157,13.08,16,12,,55,2,22,13,27,4,7,3,52,113,1,18,9,4,8,83.5,,West Coast
20,McGovern  Jeremy,9,110,64,42,152,16.89,,,,9,41,4,1,19,6,5,,40,89,9,,42,1,,73.1,0/1,West Coast
39,Clark  Greg,12,59,31,75,134,11.17,2,3,1,26,10,12,7,30,4,12,,33,102,1,1,8,,,69.3,5/0,West Coast
35,Rotham  Josh,13,102,68,28,130,10,,,9,18,32,12,,34,7,17,,27,111,2,1,42,,3,82.7,1/0,West Coast
29,Foley  Luke,9,72,41,42,114,12.67,,,,20,14,12,4,19,6,6,,28,86,1,,25,,1,83.2,0/1,West Coast
41,Maric  Ryan,10,45,28,55,100,10,9,2,,26,2,19,2,10,10,2,,39,66,4,7,10,,3,79.9,,West Coast
33,Bazzo  Rhett,11,41,34,54,95,8.64,,,,8,13,5,1,21,4,12,,33,65,4,,27,1,,68,2-Jan,West Coast
36,West  Connor,9,40,16,52,92,10.22,3,5,,17,4,10,11,18,11,5,,47,43,1,1,4,1,1,69.7,1-Jan,West Coast
34,Williams  Jack,10,35,24,34,69,6.9,5,4,31,16,2,10,9,11,3,2,,26,43,4,6,19,,2,66.4,0/2,West Coast
49,Culley  Jai,5,14,8,28,42,8.4,5,2,,15,,5,3,12,3,4,,20,22,3,3,3,,1,64.4,0/1,West Coast
40,Jamieson  Callum,4,14,7,25,39,9.75,,1,23,8,2,1,11,10,4,4,,26,14,,1,7,,,72.8,0/1,West Coast
1,Ryan  Liam,3,30,15,9,39,13,4,1,,11,,10,1,9,4,3,,12,25,2,3,1,3,2,81,,West Coast
26,Trew  Zane,4,15,3,21,36,9,1,,,8,2,6,8,9,,4,,22,17,,,3,1,,46.8,3/0,West Coast
42,Edwards  Harry,2,12,7,4,16,8,,,,2,4,,,8,,2,,9,8,2,,18,,,90.5,,West Coast
30,Barnett  Harry,1,,,2,2,2,,,1,1,,,,,,,,,2,,,,,,9,1/0,West Coast
4,Bontempelli  Marcus,23,370,101,266,636,27.65,19,14,1,172,42,131,175,97,27,33,29,332,339,12,17,91,6,21,84.9,,Western Bulldogs
21,Liberatore  Tom,21,266,59,308,574,27.33,8,9,,141,33,84,167,63,18,20,17,304,271,1,5,30,,16,78.1,0/1,Western Bulldogs
31,Dale  Bailey,23,393,92,180,573,24.91,2,2,,42,93,57,21,63,9,15,3,131,341,5,1,50,6,4,83.3,,Western Bulldogs
11,Macrae  Jack,22,239,82,318,557,25.32,7,2,,97,34,86,90,41,25,12,,220,339,1,2,31,1,13,78.6,0/1,Western Bulldogs
1,Treloar  Adam,19,253,54,304,557,29.32,13,5,,100,32,75,108,72,21,11,4,224,327,,2,17,9,8,78.4,0/1,Western Bulldogs
35,Daniel  Caleb,23,295,100,242,537,23.35,10,6,,88,63,71,75,52,13,11,2,164,368,2,2,29,13,10,80.5,,Western Bulldogs
6,Smith  Bailey,19,230,62,217,447,23.53,4,8,,66,30,69,69,55,9,11,4,149,300,1,1,20,5,5,82.5,,Western Bulldogs
44,English  Tim,23,258,145,182,440,19.13,16,4,717,100,43,74,74,83,42,34,11,211,253,29,13,98,8,6,85.9,,Western Bulldogs
20,Richards  Ed,19,292,107,111,403,21.21,1,3,,36,111,34,11,65,8,21,,121,249,7,,59,23,1,82.6,0/1,Western Bulldogs
34,Williams  Bailey,23,215,116,165,380,16.52,11,9,,60,38,52,35,41,8,13,1,95,285,4,13,20,3,7,78.4,1/0,Western Bulldogs
33,Naughton  Aaron,23,180,100,87,267,11.61,44,33,22,59,4,43,5,55,29,20,2,157,118,41,57,51,1,22,86.4,,Western Bulldogs
13,Baker  Oskar,18,191,86,73,264,14.67,6,9,,22,20,63,14,44,4,10,,53,222,,6,29,12,9,71.8,2-Jan,Western Bulldogs
2,Ugle-Hagan  Jamarra,23,188,120,73,261,11.35,35,35,1,22,,58,,59,19,14,5,115,155,31,62,20,1,14,83.5,,Western Bulldogs
15,Duryea  Taylor,20,147,84,93,240,12,,1,,40,48,24,5,43,18,16,,74,163,6,,52,4,,79.1,,Western Bulldogs
28,Scott  Anthony,22,132,53,105,237,10.77,12,6,,55,9,45,16,28,15,4,,93,150,7,10,23,,6,74,1-Jan,Western Bulldogs
42,Keath  Alex,18,128,92,89,217,12.06,,,,29,37,17,3,36,8,12,,70,152,8,,75,5,1,84.8,0/2,Western Bulldogs
39,Johannisen  Jason,11,150,54,58,208,18.91,5,1,,16,34,23,3,23,4,6,,38,144,2,2,14,6,3,74.7,0/1,Western Bulldogs
7,Lobb  Rory,20,112,65,94,206,10.3,24,18,156,35,8,27,18,33,19,9,1,103,111,20,30,56,,9,85.2,0/1,Western Bulldogs
3,Weightman  Cody,19,139,54,59,198,10.42,34,18,,52,6,38,10,38,22,13,2,97,102,9,28,23,1,10,76.5,,Western Bulldogs
19,Jones  Liam,18,129,89,37,166,9.22,,,,16,57,11,1,26,7,11,,60,107,13,,129,,1,90.1,0/2,Western Bulldogs
23,Vandermeer  Laitham,11,87,30,60,147,13.36,2,4,,28,20,33,8,22,3,6,,38,112,,3,20,,3,74.8,0/1,Western Bulldogs
14,West  Rhylee,12,62,29,75,137,11.42,7,6,,42,,23,10,22,5,8,,51,88,3,5,17,,11,68.8,2/0,Western Bulldogs
25,Poulter  Caleb,9,68,24,65,133,14.78,3,1,,24,4,19,7,18,4,5,,40,97,1,1,12,2,5,75.7,,Western Bulldogs
32,Jones  Arthur,13,47,17,52,99,7.62,4,8,,35,1,20,3,24,9,13,,42,65,1,4,10,6,4,69.9,1/0,Western Bulldogs
18,ODonnell  James,12,60,34,39,99,8.25,1,2,,9,15,9,4,20,2,3,,37,61,7,2,41,2,3,71.8,0/4,Western Bulldogs
43,Gardner  Ryan,10,61,36,28,89,8.9,1,,,15,21,6,3,23,5,10,,34,59,3,,100,,,96.9,,Western Bulldogs
17,Bruce  Josh,8,43,36,40,83,10.38,,,,11,16,2,,25,7,12,,31,56,3,,39,1,,88.6,0/1,Western Bulldogs
30,McNeil  Lachlan,13,28,12,52,80,6.15,2,4,,30,,13,6,6,3,2,,38,44,1,2,14,,2,41.6,8-Jan,Western Bulldogs
22,OBrien  Tim,7,63,36,17,80,11.43,,,,9,21,10,1,6,5,1,,22,58,1,,37,,1,80,,Western Bulldogs
9,Crozier  Hayden,4,36,19,18,54,13.5,,1,,6,13,2,1,8,4,1,,13,39,,,10,1,,65.5,,Western Bulldogs
16,McLean  Toby,6,10,8,39,49,8.17,,,,14,2,5,9,9,1,5,,18,35,,1,3,,1,44.5,2-Jan,Western Bulldogs
29,Hannan  Mitch,6,29,14,14,43,7.17,3,4,,13,1,14,,10,4,5,,19,25,,5,5,,1,62.3,2-Jan,Western Bulldogs
38,Garcia  Riley,3,12,2,19,31,10.33,1,,,9,,3,3,12,1,4,,13,16,,1,2,,,62.7,1/0,Western Bulldogs
27,McComb  Robbie,3,7,4,6,13,4.33,1,,,2,,2,1,3,1,2,,6,9,1,,2,,,34.7,2/0,Western Bulldogs
10,Darcy  Sam,3,7,2,3,10,3.33,,2,11,8,3,,1,6,,6,,8,3,2,,5,,,46,0/1,Western Bulldogs
36,Cleary  Luke,1,5,2,3,8,8,,,,1,4,,1,,,,,2,7,,,6,,,76,,Western Bulldogs
24,Khamis  Buku,1,3,1,3,6,6,,,2,1,,,,3,,3,,3,4,,1,1,,2,66,,Western Bulldogs
